"CóDIGO DE LA SERIE",D_1NBAA572,D_1NBAF472,D_1NBBDR72,D_1NBBDW72,D_1NBCEA72,D_1TI2THITA,D_1TI2TSINP,D_G2B1F0ZN,D_1NBAD472,D_1NBAE472,D_1NBBDU72,D_1NBCEB72,D_1TI2TSOTP,D_G2B1I0ZP,D_1TFK09A0_BCE,D_1NBBDV72,D_1TI2TSOTA,D_1NBAC372,D_1NBBDP72,D_1NBBDQ72,D_1NBBDS72,D_1NBBDT72,D_1NBBP572,D_1TI2THITP,D_1TI2TSINA,D_1NBAS372,D_1NBBO572,D_1TES00U7
"NúMERO SECUENCIAL",3775801,587853,997179,997178,4562347,902989,900037,2737985,587851,608361,997176,4562348,902999,2737987,4562352,997177,902992,2737991,997172,997173,997174,997175,586568,902995,900036,3975629,586564,2737984
"ALIAS DE LA SERIE","%BE_26_31.8, %BE_1_15.4","%IT_NA_APP.2, %IT_1_ASB.2, %IT_NA_TBL.1, %BE_19_1.5, %BE_1_15.9","%BE_1_15.17","%BE_1_15.14","%BE_1_15.2","%BE_2_10.3, %IT_NA_TBL.4, %IT_NA_APP.71","%IT_NA_GRA_1.2, %BE_2_10.5, %IT_NA_APP.72, %IT_NA_APP.73, %IT_NA_TBL.6","%BE_26_34.1, %BE_2_10.9","%BE_1_15.7","%BE_1_15.8","%IT_2_ASB.20, %BE_1_15.12","%BE_1_15.3","%BE_2_10.7","%BE_2_10.10","%BE_1_15.1, %BE_2_10.1, %BE_26_31.1","%BE_1_15.13","%BE_2_10.4, %IT_NA_TBL.5, %IT_NA_APP.70","%BE_1_15.6","%IT_2_ASB.6, %BE_1_15.15","%IT_2_ASB.14, %BE_1_15.16","%IT_2_ASB.16, %BE_1_15.10","%IT_2_ASB.18, %BE_1_15.11","%BE_26_33.2, %BE_1_15.18","%BE_2_10.6","%IT_NA_GRA_1.1, %BE_2_10.2, %IT_NA_APP.68, %IT_NA_APP.69","%BE_1_15.5","%BE_26_35.2, %BE_1_15.19","%BE_2_10.8"
"DESCRIPCIóN DE LA SERIE","Tipos de interés. UEM. Mercado monetario. ¤STR","Tipos de interés. UEM. Mercado monetario. Euríbor. A 12 meses","Economía internacional. UEM. Tipos de interés. Nuevas operaciones. IFM residentes en la UEM. Préstamos a 1 año a SNF","Economía internacional. UEM. Tipos de interés. Nuevas operaciones. IFM residentes en la UEM. Depósitos hasta 1 año de SNF","Tipos de interés. UEM. De operaciones de política monetaria. Facilidades permanentes. De crédito","Tipos de interés. Nuevas operaciones. Entidades de crédito y EFC. Préstamos y créditos a hogares e ISFLSH. Tipo sintético","Tipos de interés. Nuevas operaciones. Entidades de crédito y EFC. Depósitos de hogares e ISFLSH y SNF. Tipo sintético","Tipos de interés. Mercado secundario de valores. Bonos y obligaciones del Estado. A 3 años. Operaciones simples al contado","Tipos de interés. UEM. Mercado monetario. Euríbor. A 3 meses","Tipos de interés. UEM. Mercado monetario. Euríbor. A 6 meses","Economía internacional. UEM. Tipos de interés. Nuevas operaciones. IFM residentes en la UEM. Depósitos a más de 2 años de hogares","Tipos de interés. UEM. De operaciones de política monetaria. Facilidades permanentes. De depósito","Tipos de interés. Nuevas operaciones. Entidades de crédito y EFC. Depósitos de SNF. Tipo sintético","Tipos de interés. Mercado secundario de valores. Bonos y obligaciones del Estado. A 10 años (criterio de convergencia). Operaciones simples al contado","Tipos de interés. UEM. De operaciones política monetaria. Subastas. Operaciones principales de financiación","Economía internacional. UEM. Tipos de interés. Nuevas operaciones. IFM residentes en la UEM. Depósitos a la vista de SNF","Tipos de interés. Nuevas operaciones. Entidades de crédito y EFC. Préstamos y créditos a SNF. Tipo sintético","Tipos de interés. UEM. Mercado monetario. Euríbor. A 1 mes","Economía internacional. UEM. Tipos de interés. Nuevas operaciones. IFM residentes en la UEM. Créditos a hogares para el consumo","Economía internacional. UEM. Tipos de interés. Nuevas operaciones. IFM residentes en la UEM. Préstamos a hogares para adquisición de viviendas","Economía internacional. UEM. Tipos de interés. Nuevas operaciones. IFM residentes en la UEM. Depósitos a la vista de hogares","Economía internacional. UEM. Tipos de interés. Nuevas operaciones. IFM residentes en la UEM. Depósitos hasta 1 año de hogares","Economía internacional. UEM. Rendimiento de la deuda pública. A 3 años","Tipos de interés. Nuevas operaciones. Entidades de crédito y EFC. Depósitos de hogares e ISFLSH. Tipo sintético","Tipos de interés. Nuevas operaciones. Entidades de crédito y EFC. Préstamos y créditos a hogares e ISFLSH y SNF. Tipo sintético","Tipos de interés. UEM. Mercados monetarios. Depósitos. A 1 semana. Euríbor. Tipo de referencia oficial del mercado hipotecario","Economía internacional. UEM. Rendimiento de la deuda pública. A a 10 años","Tipos de interés. Mercado secundario de valores. Letras del tesoro. A 1 año. Operaciones simples al contado"
"DESCRIPCIóN DE LAS UNIDADES","Porcentaje","Porcentaje","Porcentaje","Porcentaje","Porcentaje","Porcentaje","Porcentaje","Porcentaje","Porcentaje","Porcentaje","Porcentaje","Porcentaje","Porcentaje","Porcentaje","Porcentaje","Porcentaje","Porcentaje","Porcentaje","Porcentaje","Porcentaje","Porcentaje","Porcentaje","Porcentaje","Porcentaje","Porcentaje","Porcentaje","Porcentaje","Porcentaje"
"FRECUENCIA","MENSUAL","MENSUAL","MENSUAL","MENSUAL","MENSUAL","MENSUAL","MENSUAL","MENSUAL","MENSUAL","MENSUAL","MENSUAL","MENSUAL","MENSUAL","MENSUAL","MENSUAL","MENSUAL","MENSUAL","MENSUAL","MENSUAL","MENSUAL","MENSUAL","MENSUAL","MENSUAL","MENSUAL","MENSUAL","MENSUAL","MENSUAL","MENSUAL"
"JUL 1987","_","_","_","_","_","_","_","_","_","_","_","_","_","_","_","_","_","_","_","_","_","_","_","_","_","_","_",15.13
"AGO 1987","_","_","_","_","_","_","_",13.87,"_","_","_","_","_","_","_","_","_","_","_","_","_","_","_","_","_","_","_",14.80
"SEP 1987","_","_","_","_","_","_","_",13.82,"_","_","_","_","_","_","_","_","_","_","_","_","_","_","_","_","_","_","_",14.91
"OCT 1987","_","_","_","_","_","_","_","_","_","_","_","_","_","_","_","_","_","_","_","_","_","_","_","_","_","_","_",13.94
"NOV 1987","_","_","_","_","_","_","_",13.52,"_","_","_","_","_","_","_","_","_","_","_","_","_","_","_","_","_","_","_",12.98
"DIC 1987","_","_","_","_","_","_","_",13.24,"_","_","_","_","_","_","_","_","_","_","_","_","_","_","_","_","_","_","_",12.25
"ENE 1988","_","_","_","_","_","_","_",12.85,"_","_","_","_","_","_","_","_","_","_","_","_","_","_","_","_","_","_","_",11.65
"FEB 1988","_","_","_","_","_","_","_",12.51,"_","_","_","_","_","_","_","_","_","_","_","_","_","_","_","_","_","_","_",11.55
"MAR 1988","_","_","_","_","_","_","_",11.65,"_","_","_","_","_","_","_","_","_","_","_","_","_","_","_","_","_","_","_",10.70
"ABR 1988","_","_","_","_","_","_","_",11.10,"_","_","_","_","_","_","_","_","_","_","_","_","_","_","_","_","_","_","_",9.86
"MAY 1988","_","_","_","_","_","_","_",11.29,"_","_","_","_","_","_","_","_","_","_","_","_","_","_","_","_","_","_","_",10.02
"JUN 1988","_","_","_","_","_","_","_",10.83,"_","_","_","_","_","_","_","_","_","_","_","_","_","_","_","_","_","_","_",9.95
"JUL 1988","_","_","_","_","_","_","_",11.05,"_","_","_","_","_","_","_","_","_","_","_","_","_","_","_","_","_","_","_",10.06
"AGO 1988","_","_","_","_","_","_","_",11.13,"_","_","_","_","_","_","_","_","_","_","_","_","_","_","_","_","_","_","_",9.93
"SEP 1988","_","_","_","_","_","_","_",11.43,"_","_","_","_","_","_","_","_","_","_","_","_","_","_","_","_","_","_","_",10.52
"OCT 1988","_","_","_","_","_","_","_",12.22,"_","_","_","_","_","_","_","_","_","_","_","_","_","_","_","_","_","_","_",11.34
"NOV 1988","_","_","_","_","_","_","_",12.48,"_","_","_","_","_","_","_","_","_","_","_","_","_","_","_","_","_","_","_",11.52
"DIC 1988","_","_","_","_","_","_","_",12.80,"_","_","_","_","_","_","_","_","_","_","_","_","_","_","_","_","_","_","_",12.34
"ENE 1989","_","_","_","_","_","_","_",13.15,"_","_","_","_","_","_","_","_","_","_","_","_","_","_","_","_","_","_","_",12.61
"FEB 1989","_","_","_","_","_","_","_",13.21,"_","_","_","_","_","_","_","_","_","_","_","_","_","_","_","_","_","_","_",13.35
"MAR 1989","_","_","_","_","_","_","_",13.51,"_","_","_","_","_","_","_","_","_","_","_","_","_","_","_","_","_","_","_",13.72
"ABR 1989","_","_","_","_","_","_","_",13.62,"_","_","_","_","_","_","_","_","_","_","_","_","_","_","_","_","_","_","_",13.93
"MAY 1989","_","_","_","_","_","_","_",13.78,"_","_","_","_","_","_","_","_","_","_","_","_","_","_","_","_","_","_","_",14.39
"JUN 1989","_","_","_","_","_","_","_",13.83,"_","_","_","_","_","_","_","_","_","_","_","_","_","_","_","_","_","_","_",14.33
"JUL 1989","_","_","_","_","_","_","_",13.89,"_","_","_","_","_","_","_","_","_","_","_","_","_","_","_","_","_","_","_",14.11
"AGO 1989","_","_","_","_","_","_","_",13.85,"_","_","_","_","_","_","_","_","_","_","_","_","_","_","_","_","_","_","_",13.84
"SEP 1989","_","_","_","_","_","_","_",13.84,"_","_","_","_","_","_","_","_","_","_","_","_","_","_","_","_","_","_","_",13.52
"OCT 1989","_","_","_","_","_","_","_",13.83,"_","_","_","_","_","_","_","_","_","_","_","_","_","_","_","_","_","_","_",13.11
"NOV 1989","_","_","_","_","_","_","_",14.05,"_","_","_","_","_","_","_","_","_","_","_","_","_","_","_","_","_","_","_",13.08
"DIC 1989","_","_","_","_","_","_","_",14.56,"_","_","_","_","_","_","_","_","_","_","_","_","_","_","_","_","_","_","_",12.79
"ENE 1990","_","_","_","_","_","_","_",14.51,"_","_","_","_","_","_","_","_","_","_","_","_","_","_","_","_","_","_",10.39,12.88
"FEB 1990","_","_","_","_","_","_","_",14.70,"_","_","_","_","_","_","_","_","_","_","_","_","_","_","_","_","_","_",10.86,13.58
"MAR 1990","_","_","_","_","_","_","_",14.88,"_","_","_","_","_","_","_","_","_","_","_","_","_","_","_","_","_","_",10.98,13.80
"ABR 1990","_","_","_","_","_","_","_",14.78,"_","_","_","_","_","_","_","_","_","_","_","_","_","_","_","_","_","_",10.84,14.21
"MAY 1990","_","_","_","_","_","_","_",14.50,"_","_","_","_","_","_","_","_","_","_","_","_","_","_","_","_","_","_",10.77,14.48
"JUN 1990","_","_","_","_","_","_","_",14.43,"_","_","_","_","_","_","_","_","_","_","_","_","_","_","_","_","_","_",10.72,14.46
"JUL 1990","_","_","_","_","_","_","_",14.40,"_","_","_","_","_","_","_","_","_","_","_","_","_","_","_","_","_","_",10.57,14.44
"AGO 1990","_","_","_","_","_","_","_",14.60,"_","_","_","_","_","_","_","_","_","_","_","_","_","_","_","_","_","_",10.97,14.49
"SEP 1990","_","_","_","_","_","_","_",15.06,"_","_","_","_","_","_","_","_","_","_","_","_","_","_","_","_","_","_",11.14,14.44
"OCT 1990","_","_","_","_","_","_","_",14.76,"_","_","_","_","_","_","_","_","_","_","_","_","_","_","_","_","_","_",11.09,14.35
"NOV 1990","_","_","_","_","_","_","_",14.61,"_","_","_","_","_","_","_","_","_","_","_","_","_","_","_","_","_","_",10.99,14.42
"DIC 1990","_","_","_","_","_","_","_",14.49,"_","_","_","_","_","_","_","_","_","_","_","_","_","_","_","_","_","_",10.94,14.49
"ENE 1991","_","_","_","_","_","_","_",14.57,"_","_","_","_","_","_","_","_","_","_","_","_","_","_","_","_","_","_",10.96,14.38
"FEB 1991","_","_","_","_","_","_","_",14.20,"_","_","_","_","_","_","_","_","_","_","_","_","_","_","_","_","_","_",10.54,14.20
"MAR 1991","_","_","_","_","_","_","_",13.21,"_","_","_","_","_","_","_","_","_","_","_","_","_","_","_","_","_","_",10.40,13.19
"ABR 1991","_","_","_","_","_","_","_",12.58,"_","_","_","_","_","_","_","_","_","_","_","_","_","_","_","_","_","_",10.22,12.45
"MAY 1991","_","_","_","_","_","_","_",11.85,"_","_","_","_","_","_","_","_","_","_","_","_","_","_","_","_","_","_",10.05,11.94
"JUN 1991","_","_","_","_","_","_","_",11.94,"_","_","_","_","_","_","_","_","_","_","_","_","_","_","_","_","_","_",10.10,11.59
"JUL 1991","_","_","_","_","_","_","_",12.25,"_","_","_","_","_","_","_","_","_","_","_","_","_","_","_","_","_","_",10.27,11.87
"AGO 1991","_","_","_","_","_","_","_",12.15,"_","_","_","_","_","_","_","_","_","_","_","_","_","_","_","_","_","_",10.26,12.18
"SEP 1991","_","_","_","_","_","_","_",11.56,"_","_","_","_","_","_","_","_","_","_","_","_","_","_","_","_","_","_",10.03,12.04
"OCT 1991","_","_","_","_","_","_","_",11.69,"_","_","_","_","_","_","_","_","_","_","_","_","_","_","_","_","_","_",9.92,11.84
"NOV 1991","_","_","_","_","_","_","_",11.95,"_","_","_","_","_",11.46,"_","_","_","_","_","_","_","_","_","_","_","_",9.93,11.82
"DIC 1991","_","_","_","_","_","_","_",12.09,"_","_","_","_","_",11.32,"_","_","_","_","_","_","_","_","_","_","_","_",9.91,11.92
"ENE 1992","_","_","_","_","_","_","_",11.91,"_","_","_","_","_",10.93,"_","_","_","_","_","_","_","_","_","_","_","_",9.64,11.85
"FEB 1992","_","_","_","_","_","_","_",11.58,"_","_","_","_","_",10.79,"_","_","_","_","_","_","_","_","_","_","_","_",9.58,11.80
"MAR 1992","_","_","_","_","_","_","_",11.58,"_","_","_","_","_",10.80,"_","_","_","_","_","_","_","_","_","_","_","_",9.62,11.70
"ABR 1992","_","_","_","_","_","_","_",11.66,"_","_","_","_","_",10.85,"_","_","_","_","_","_","_","_","_","_","_","_",9.67,11.81
"MAY 1992","_","_","_","_","_","_","_",11.64,"_","_","_","_","_",10.84,"_","_","_","_","_","_","_","_","_","_","_","_",9.63,11.88
"JUN 1992","_","_","_","_","_","_","_",12.14,"_","_","_","_","_",11.34,"_","_","_","_","_","_","_","_","_","_","_","_",9.83,11.93
"JUL 1992","_","_","_","_","_","_","_",12.77,"_","_","_","_","_",11.84,"_","_","_","_","_","_","_","_","_","_","_","_",10.05,12.13
"AGO 1992","_","_","_","_","_","_","_",13.37,"_","_","_","_","_",12.22,"_","_","_","_","_","_","_","_","_","_","_","_",10.14,12.58
"SEP 1992","_","_","_","_","_","_","_",13.90,"_","_","_","_","_",12.65,"_","_","_","_","_","_","_","_","_","_","_","_",10.05,13.03
"OCT 1992","_","_","_","_","_","_","_",13.82,"_","_","_","_","_",13.00,"_","_","_","_","_","_","_","_","_","_","_","_",9.93,13.33
"NOV 1992","_","_","_","_","_","_","_",13.17,"_","_","_","_","_",12.54,"_","_","_","_","_","_","_","_","_","_","_","_",9.59,13.56
"DIC 1992","_","_","_","_","_","_","_",13.20,"_","_","_","_","_",12.53,"_","_","_","_","_","_","_","_","_","_","_","_",9.60,13.65
"ENE 1993","_","_","_","_","_","_","_",12.69,"_","_","_","_","_",12.15,"_","_","_","_","_","_","_","_","_","_","_","_",9.36,13.28
"FEB 1993","_","_","_","_","_","_","_",12.03,"_","_","_","_","_",11.43,"_","_","_","_","_","_","_","_","_","_","_","_",9.06,12.60
"MAR 1993","_","_","_","_","_","_","_",11.99,"_","_","_","_","_",11.36,"_","_","_","_","_","_","_","_","_","_","_","_",8.78,12.40
"ABR 1993","_","_","_","_","_","_","_",11.90,"_","_","_","_","_",11.49,"_","_","_","_","_","_","_","_","_","_","_","_",8.81,12.47
"MAY 1993","_","_","_","_","_","_","_",11.04,"_","_","_","_","_",11.22,"_","_","_","_","_","_","_","_","_","_","_","_",8.72,11.53
"JUN 1993","_","_","_","_","_","_","_",10.09,"_","_","_","_","_",10.56,"_","_","_","_","_","_","_","_","_","_","_","_",8.42,10.36
"JUL 1993","_","_","_","_","_","_","_",9.73,"_","_","_","_","_",10.22,"_","_","_","_","_","_","_","_","_","_","_","_",8.07,9.99
"AGO 1993","_","_","_","_","_","_","_",8.81,"_","_","_","_","_",9.48,"_","_","_","_","_","_","_","_","_","_","_","_",7.53,9.61
"SEP 1993","_","_","_","_","_","_","_",8.63,"_","_","_","_","_",9.09,"_","_","_","_","_","_","_","_","_","_","_","_",7.30,9.19
"OCT 1993","_","_","_","_","_","_","_",8.32,"_","_","_","_","_",8.69,"_","_","_","_","_","_","_","_","_","_","_","_",7.04,8.89
"NOV 1993","_","_","_","_","_","_","_",8.06,"_","_","_","_","_",8.56,"_","_","_","_","_","_","_","_","_","_","_","_",7.08,8.52
"DIC 1993","_","_","_","_","_","_","_",7.79,"_","_","_","_","_",8.28,"_","_","_","_","_","_","_","_","_","_","_","_",6.85,8.04
"ENE 1994","_","_","_","_","_","_","_",7.56,6.56,6.36,"_","_","_",7.98,"_","_","_","_","_","_","_","_",5.87,"_","_","_",6.69,7.72
"FEB 1994","_","_","_","_","_","_","_",7.58,6.54,6.37,"_","_","_",8.07,"_","_","_","_","_","_","_","_",6.48,"_","_","_",6.88,7.70
"MAR 1994","_","_","_","_","_","_","_",8.15,6.35,6.29,"_","_","_",8.82,"_","_","_","_","_","_","_","_",6.50,"_","_","_",7.35,7.70
"ABR 1994","_","_","_","_","_","_","_",8.24,6.10,6.04,"_","_","_",9.07,"_","_","_","_","_","_","_","_",6.70,"_","_","_",7.46,7.69
"MAY 1994","_","_","_","_","_","_","_",8.51,5.91,5.92,"_","_","_",9.55,"_","_","_","_","_","_","_","_",6.93,"_","_","_",7.75,7.68
"JUN 1994","_","_","_","_","_","_","_",9.29,6.05,6.11,"_","_","_",10.28,"_","_","_","_","_","_","_","_",7.34,"_","_","_",8.37,7.76
"JUL 1994","_","_","_","_","_","_","_",9.79,5.98,6.14,"_","_","_",10.59,"_","_","_","_","_","_","_","_",7.39,"_","_","_",8.39,8.00
"AGO 1994","_","_","_","_","_","_","_",10.07,6.07,6.35,"_","_","_",10.68,"_","_","_","_","_","_","_","_",7.95,"_","_","_",8.68,8.15
"SEP 1994","_","_","_","_","_","_","_",10.53,6.07,6.35,"_","_","_",11.22,"_","_","_","_","_","_","_","_",8.09,"_","_","_",9.12,8.54
"OCT 1994","_","_","_","_","_","_","_",10.42,6.08,6.32,"_","_","_",11.14,"_","_","_","_","_","_","_","_",8.17,"_","_","_",9.16,8.68
"NOV 1994","_","_","_","_","_","_","_",10.36,6.16,6.36,"_","_","_",11.17,"_","_","_","_","_","_","_","_",8.07,"_","_","_",9.12,8.70
"DIC 1994","_","_","_","_","_","_","_",10.74,6.38,6.83,"_","_","_",11.38,"_","_","_","_","_","_","_","_",8.52,"_","_","_",9.14,8.97
"ENE 1995","_","_","_","_","_","_","_",11.39,6.16,6.58,"_","_","_",11.86,"_","_","_","_","_","_","_","_",8.21,"_","_","_",9.34,9.70
"FEB 1995","_","_","_","_","_","_","_",11.43,6.49,6.89,"_","_","_",11.60,"_","_","_","_","_","_","_","_",8.23,"_","_","_",9.19,9.81
"MAR 1995","_","_","_","_","_","_","_",11.94,6.94,7.13,"_","_","_",12.26,"_","_","_","_","_","_","_","_",8.03,"_","_","_",9.43,10.06
"ABR 1995","_","_","_","_","_","_","_",11.57,6.78,6.92,"_","_","_",12.09,"_","_","_","_","_","_","_","_",7.87,"_","_","_",9.26,10.15
"MAY 1995","_","_","_","_","_","_","_",11.13,6.58,6.73,"_","_","_",11.41,"_","_","_","_","_","_","_","_",7.30,"_","_","_",8.78,10.13
"JUN 1995","_","_","_","_","_","_","_",11.29,6.51,6.71,"_","_","_",11.54,"_","_","_","_","_","_","_","_",7.59,"_","_","_",8.75,10.25
"JUL 1995","_","_","_","_","_","_","_",11.06,6.33,6.49,"_","_","_",11.33,"_","_","_","_","_","_","_","_",7.24,"_","_","_",8.71,10.17
"AGO 1995","_","_","_","_","_","_","_",10.62,6.01,6.14,"_","_","_",10.97,"_","_","_","_","_","_","_","_",6.95,"_","_","_",8.47,9.94
"SEP 1995","_","_","_","_","_","_","_",10.24,6.08,6.27,"_","_","_",10.80,"_","_","_","_","_","_","_","_",6.89,"_","_","_",8.36,9.46
"OCT 1995","_","_","_","_","_","_","_",10.25,6.12,6.30,"_","_","_",10.89,"_","_","_","_","_","_","_","_",6.69,"_","_","_",8.48,9.49
"NOV 1995","_","_","_","_","_","_","_",9.93,5.92,6.00,"_","_","_",10.54,"_","_","_","_","_","_","_","_",6.32,"_","_","_",8.16,9.39
"DIC 1995","_","_","_","_","_","_","_",9.39,5.49,5.62,"_","_","_",9.95,"_","_","_","_","_","_","_","_",5.97,"_","_","_",7.82,8.97
"ENE 1996","_","_","_","_","_","_","_",8.86,5.02,5.08,"_","_","_",9.46,"_","_","_","_","_","_","_","_",5.54,"_","_","_",7.44,8.50
"FEB 1996","_","_","_","_","_","_","_",8.78,5.04,5.14,"_","_","_",9.71,"_","_","_","_","_","_","_","_",5.82,"_","_","_",7.66,8.34
"MAR 1996","_","_","_","_","_","_","_",8.83,4.97,5.10,"_","_","_",9.89,"_","_","_","_","_","_","_","_",5.97,"_","_","_",7.83,8.26
"ABR 1996","_","_","_","_","_","_","_",8.16,4.55,4.62,"_","_","_",9.33,"_","_","_","_","_","_","_","_",5.47,"_","_","_",7.62,7.50
"MAY 1996","_","_","_","_","_","_","_",8.02,4.66,4.69,"_","_","_",9.17,"_","_","_","_","_","_","_","_",5.47,"_","_","_",7.48,7.19
"JUN 1996","_","_","_","_","_","_","_",7.85,4.58,4.69,"_","_","_",9.11,"_","_","_","_","_","_","_","_",5.58,"_","_","_",7.51,7.14
"JUL 1996","_","_","_","_","_","_","_",7.57,4.61,4.76,"_","_","_",8.78,"_","_","_","_","_","_","_","_",5.51,"_","_","_",7.39,7.06
"AGO 1996","_","_","_","_","_","_","_",7.69,4.53,4.67,"_","_","_",8.86,"_","_","_","_","_","_","_","_",5.35,"_","_","_",7.31,7.12
"SEP 1996","_","_","_","_","_","_","_",7.28,4.24,4.33,"_","_","_",8.43,"_","_","_","_","_","_","_","_",4.93,"_","_","_",7.13,6.97
"OCT 1996","_","_","_","_","_","_","_",6.72,4.23,4.29,"_","_","_",7.76,"_","_","_","_","_","_","_","_",4.88,"_","_","_",6.68,6.57
"NOV 1996","_","_","_","_","_","_","_",6.38,4.14,4.18,"_","_","_",7.34,"_","_","_","_","_","_","_","_",4.54,"_","_","_",6.43,6.30
"DIC 1996","_","_","_","_","_","_","_",5.92,4.08,4.06,"_","_","_",7.00,"_","_","_","_","_","_","_","_",4.41,"_","_","_",6.31,5.85
"ENE 1997","_","_","_","_","_","_","_",5.46,4.04,4.01,"_","_","_",6.83,"_","_","_","_","_","_","_","_",4.32,"_","_","_",6.23,5.28
"FEB 1997","_","_","_","_","_","_","_",5.54,4.07,4.11,"_","_","_",6.74,"_","_","_","_","_","_","_","_",4.40,"_","_","_",6.06,5.20
"MAR 1997","_","_","_","_","_","_","_",5.91,4.07,4.17,"_","_","_",7.03,"_","_","_","_","_","_","_","_",4.88,"_","_","_",6.32,5.52
"ABR 1997","_","_","_","_","_","_","_",5.75,3.94,4.02,"_","_","_",6.95,"_","_","_","_","_","_","_","_",4.65,"_","_","_",6.39,5.36
"MAY 1997","_","_","_","_","_","_","_",5.31,4.05,4.15,"_","_","_",6.61,"_","_","_","_","_","_","_","_",4.65,"_","_","_",6.18,5.08
"JUN 1997","_","_","_","_","_","_","_",5.11,3.93,4.03,"_","_","_",6.47,"_","_","_","_","_","_","_","_",4.37,"_","_","_",6.09,4.98
"JUL 1997","_","_","_","_","_","_","_",5.03,3.98,4.08,"_","_","_",6.21,"_","_","_","_","_","_","_","_",4.47,"_","_","_",5.83,4.96
"AGO 1997","_","_","_","_","_","_","_",5.22,4.06,4.18,"_","_","_",6.31,"_","_","_","_","_","_","_","_",4.68,"_","_","_",5.94,5.01
"SEP 1997","_","_","_","_","_","_","_",5.02,4.01,4.09,"_","_","_",6.09,"_","_","_","_","_","_","_","_",4.58,"_","_","_",5.81,4.92
"OCT 1997","_","_","_","_","_","_","_",5.08,4.30,4.35,"_","_","_",5.98,"_","_","_","_","_","_","_","_",4.80,"_","_","_",5.77,4.78
"NOV 1997","_","_","_","_","_","_","_",5.04,4.17,4.22,"_","_","_",5.96,"_","_","_","_","_","_","_","_",4.71,"_","_","_",5.74,4.72
"DIC 1997","_","_","_","_","_","_","_",4.79,4.01,4.05,"_","_","_",5.64,"_","_","_","_","_","_","_","_",4.51,"_","_","_",5.46,4.48
"ENE 1998","_","_","_","_","_","_","_",4.48,4.00,4.08,"_","_","_",5.40,"_","_","_","_","_","_","_","_",4.27,"_","_","_",5.22,4.20
"FEB 1998","_","_","_","_","_","_","_",4.34,3.97,3.98,"_","_","_",5.24,"_","_","_","_","_","_","_","_",4.24,"_","_","_",5.12,4.13
"MAR 1998","_","_","_","_","_","_","_",4.29,3.92,3.89,"_","_","_",5.09,"_","_","_","_","_","_","_","_",4.32,"_","_","_",5.01,4.01
"ABR 1998","_","_","_","_","_","_","_",4.39,3.89,3.93,"_","_","_",5.06,"_","_","_","_","_","_","_","_",4.44,"_","_","_",5.00,4.01
"MAY 1998","_","_","_","_","_","_","_",4.41,3.86,3.89,"_","_","_",5.13,"_","_","_","_","_","_","_","_",4.30,"_","_","_",5.06,4.06
"JUN 1998","_","_","_","_","_","_","_",4.34,3.84,3.85,"_","_","_",5.02,"_","_","_","_","_","_","_","_",4.24,"_","_","_",4.91,4.04
"JUL 1998","_","_","_","_","_","_","_",4.24,3.80,3.82,"_","_","_",4.94,"_","_","_","_","_","_","_","_",4.16,"_","_","_",4.82,3.99
"AGO 1998","_","_","_","_","_","_","_",4.07,3.81,3.72,"_","_","_",4.74,"_","_","_","_","_","_","_","_",3.78,"_","_","_",4.59,3.88
"SEP 1998","_","_","_","_","_","_","_",3.78,3.73,3.64,"_","_","_",4.47,"_","_","_","_","_","_","_","_",3.58,"_","_","_",4.27,3.63
"OCT 1998","_","_","_","_","_","_","_",3.61,3.63,3.53,"_","_","_",4.43,"_","_","_","_","_","_","_","_",3.51,"_","_","_",4.25,3.35
"NOV 1998","_","_","_","_","_","_","_",3.61,3.51,3.43,"_","_","_",4.41,"_","_","_","_","_","_","_","_",3.44,"_","_","_",4.24,3.29
"DIC 1998","_","_","_","_","_","_","_",3.32,3.17,3.14,"_","_","_",4.07,"_","_","_","_","_","_","_","_",3.22,"_","_","_",3.95,2.94
"ENE 1999","_",3.06,"_","_",4.50,"_","_",3.13,3.13,3.09,"_",2.00,"_",3.88,3.00,"_","_","_","_","_","_","_",3.09,"_","_","_",3.82,2.84
"FEB 1999","_",3.03,"_","_",4.50,"_","_",3.20,3.09,3.04,"_",2.00,"_",4.02,3.00,"_","_","_","_","_","_","_",3.19,"_","_","_",3.97,2.86
"MAR 1999","_",3.05,"_","_",4.50,"_","_",3.29,3.05,3.02,"_",2.00,"_",4.26,3.00,"_","_","_","_","_","_","_",3.25,"_","_","_",4.18,2.90
"ABR 1999","_",2.76,"_","_",3.50,"_","_",3.02,2.70,2.70,"_",1.50,"_",4.09,2.50,"_","_","_","_","_","_","_",3.00,"_","_","_",4.04,2.61
"MAY 1999","_",2.68,"_","_",3.50,"_","_",3.05,2.58,2.60,"_",1.50,"_",4.28,2.50,"_","_","_","_","_","_","_",3.00,"_","_","_",4.20,2.56
"JUN 1999","_",2.84,"_","_",3.50,"_","_",3.39,2.63,2.68,"_",1.50,"_",4.60,2.50,"_","_","_","_","_","_","_",3.34,"_","_","_",4.53,2.72
"JUL 1999","_",3.03,"_","_",3.50,"_","_",3.70,2.68,2.90,"_",1.50,"_",4.91,2.50,"_","_","_","_","_","_","_",3.64,"_","_","_",4.86,2.89
"AGO 1999","_",3.24,"_","_",3.50,"_","_",4.00,2.70,3.05,"_",1.50,"_",5.17,2.50,"_","_","_","_","_","_","_",3.87,"_","_","_",5.06,3.05
"SEP 1999","_",3.30,"_","_",3.50,"_","_",4.11,2.73,3.11,"_",1.50,"_",5.32,2.50,"_","_","_","_","_","_","_",4.02,"_","_","_",5.24,3.13
"OCT 1999","_",3.68,"_","_",3.50,"_","_",4.47,3.38,3.46,"_",1.50,"_",5.56,2.50,"_","_","_","_","_","_","_",4.40,"_","_","_",5.47,3.41
"NOV 1999","_",3.69,"_","_",4.00,"_","_",4.34,3.47,3.48,"_",2.00,"_",5.28,3.00,"_","_","_","_","_","_","_",4.27,"_","_","_",5.18,3.49
"DIC 1999","_",3.83,"_","_",4.00,"_","_",4.51,3.45,3.51,"_",2.00,"_",5.37,3.00,"_","_","_","_","_","_","_",4.43,"_","_","_",5.30,3.66
"ENE 2000","_",3.95,5.06,3.33,4.00,"_","_",4.76,3.34,3.56,4.02,2.00,"_",5.76,3.00,1.21,"_","_","_","_",1.29,2.92,4.68,"_","_","_",5.70,3.80
"FEB 2000","_",4.11,5.24,3.39,4.25,"_","_",4.92,3.54,3.73,4.07,2.25,"_",5.73,3.25,1.24,"_","_","_","_",1.27,2.97,4.82,"_","_","_",5.66,3.97
"MAR 2000","_",4.27,5.28,3.56,4.50,"_","_",4.86,3.75,3.94,4.10,2.50,"_",5.55,3.50,1.28,"_","_","_","_",1.28,3.13,4.83,"_","_","_",5.49,4.10
"ABR 2000","_",4.36,5.36,3.69,4.75,"_","_",4.80,3.93,4.08,4.08,2.75,"_",5.45,3.75,1.33,"_","_","_","_",1.30,3.25,4.79,"_","_","_",5.41,4.22
"MAY 2000","_",4.85,5.69,3.99,4.75,"_","_",5.18,4.36,4.54,4.21,2.75,"_",5.63,3.75,1.38,"_","_","_","_",1.32,3.42,5.16,"_","_","_",5.52,4.68
"JUN 2000","_",4.96,5.89,4.18,5.25,"_","_",5.13,4.50,4.68,4.21,3.25,"_",5.45,4.25,1.40,"_","_","_","_",1.39,3.62,5.12,"_","_","_",5.35,4.82
"JUL 2000","_",5.11,5.99,4.26,5.25,"_","_",5.29,4.58,4.84,4.54,3.25,"_",5.53,4.25,1.47,"_","_","_","_",1.40,3.74,5.27,"_","_","_",5.45,4.96
"AGO 2000","_",5.25,6.13,4.37,5.25,"_","_",5.37,4.78,5.01,4.58,3.25,"_",5.50,4.25,1.48,"_","_","_","_",1.43,3.82,5.34,"_","_","_",5.40,5.06
"SEP 2000","_",5.22,6.17,4.50,5.50,"_","_",5.32,4.85,5.04,4.56,3.50,"_",5.56,4.50,1.53,"_","_","_","_",1.45,3.97,5.28,"_","_","_",5.47,5.05
"OCT 2000","_",5.22,6.35,4.58,5.75,"_","_",5.23,5.04,5.10,4.56,3.75,"_",5.49,4.75,1.61,"_","_","_","_",1.48,4.11,5.20,"_","_","_",5.42,5.05
"NOV 2000","_",5.19,6.39,4.63,5.75,"_","_",5.18,5.09,5.13,4.58,3.75,"_",5.45,4.75,1.64,"_","_","_","_",1.51,4.19,5.15,"_","_","_",5.34,5.01
"DIC 2000","_",4.88,6.23,4.53,5.75,"_","_",4.81,4.94,4.92,4.43,3.75,"_",5.20,4.75,1.62,"_","_","_","_",1.49,4.19,4.77,"_","_","_",5.07,4.65
"ENE 2001","_",4.57,6.18,4.40,5.75,"_","_",4.56,4.77,4.68,4.31,3.75,"_",5.08,4.75,1.62,"_",4.80,"_","_",1.42,4.10,4.57,"_","_",4.81,5.01,4.33
"FEB 2001","_",4.59,6.22,4.35,5.75,"_","_",4.64,4.76,4.67,4.27,3.75,"_",5.12,4.75,1.65,"_",4.80,"_","_",1.44,4.10,4.59,"_","_",4.83,5.02,4.34
"MAR 2001","_",4.47,6.10,4.33,5.75,"_","_",4.50,4.71,4.58,4.26,3.75,"_",5.04,4.75,1.66,"_",4.78,"_","_",1.44,4.06,4.44,"_","_",4.82,4.94,4.29
"ABR 2001","_",4.48,6.15,4.30,5.75,"_","_",4.56,4.68,4.57,4.24,3.75,"_",5.18,4.75,1.68,"_",4.78,"_","_",1.45,4.01,4.51,"_","_",4.88,5.10,4.34
"MAY 2001","_",4.52,6.11,4.27,5.50,"_","_",4.68,4.64,4.56,4.22,3.50,"_",5.36,4.50,1.66,"_",4.66,"_","_",1.40,3.99,4.60,"_","_",4.66,5.26,4.36
"JUN 2001","_",4.31,5.90,4.14,5.50,"_","_",4.54,4.45,4.35,4.19,3.50,"_",5.33,4.50,1.58,"_",4.53,"_","_",1.38,3.89,4.44,"_","_",4.56,5.21,4.15
"JUL 2001","_",4.31,5.83,4.13,5.50,"_","_",4.53,4.47,4.39,4.17,3.50,"_",5.35,4.50,1.58,"_",4.52,"_","_",1.37,3.87,4.42,"_","_",4.54,5.25,4.19
"AGO 2001","_",4.11,5.85,4.05,5.25,"_","_",4.32,4.35,4.22,4.13,3.25,"_",5.16,4.25,1.60,"_",4.46,"_","_",1.38,3.83,4.19,"_","_",4.51,5.06,3.99
"SEP 2001","_",3.77,5.55,3.67,4.75,"_","_",4.04,3.98,3.88,3.99,2.75,"_",5.14,3.75,1.51,"_",4.05,"_","_",1.26,3.53,3.89,"_","_",4.08,5.04,3.55
"OCT 2001","_",3.37,5.34,3.41,4.75,"_","_",3.71,3.60,3.46,3.89,2.75,"_",4.91,3.75,1.42,"_",3.72,"_","_",1.18,3.26,3.63,"_","_",3.83,4.82,3.21
"NOV 2001","_",3.20,5.14,3.17,4.25,"_","_",3.61,3.39,3.26,3.76,2.25,"_",4.76,3.25,1.35,"_",3.43,"_","_",1.10,3.02,3.58,"_","_",3.48,4.67,3.10
"DIC 2001","_",3.30,5.05,3.17,4.25,"_","_",3.87,3.34,3.26,3.86,2.25,"_",4.97,3.25,1.27,"_",3.42,"_","_",1.07,2.93,3.90,"_","_",3.38,4.96,3.15
"ENE 2002","_",3.48,5.00,3.19,4.25,"_","_",4.05,3.34,3.34,3.89,2.25,"_",5.05,3.25,1.27,"_",3.35,"_","_",1.05,2.93,4.04,"_","_",3.35,5.02,3.30
"FEB 2002","_",3.59,5.13,3.18,4.25,"_","_",4.22,3.36,3.40,3.97,2.25,"_",5.11,3.25,1.27,"_",3.34,"_","_",1.05,2.92,4.17,"_","_",3.32,5.07,3.47
"MAR 2002","_",3.82,5.15,3.27,4.25,"_","_",4.48,3.39,3.50,4.06,2.25,"_",5.34,3.25,1.27,"_",3.35,"_","_",1.06,2.96,4.55,"_","_",3.33,5.32,3.66
"ABR 2002","_",3.86,5.22,3.29,4.25,"_","_",4.47,3.41,3.54,4.11,2.25,"_",5.33,3.25,1.29,"_",3.34,"_","_",1.06,3.00,4.53,"_","_",3.32,5.30,3.71
"MAY 2002","_",3.96,5.23,3.31,4.25,"_","_",4.56,3.47,3.63,4.14,2.25,"_",5.36,3.25,1.30,"_",3.37,"_","_",1.06,3.01,4.55,"_","_",3.34,5.30,3.80
"JUN 2002","_",3.87,5.14,3.30,4.25,"_","_",4.38,3.46,3.59,4.08,2.25,"_",5.23,3.25,1.27,"_",3.38,"_","_",1.04,3.02,4.37,"_","_",3.36,5.16,3.70
"JUL 2002","_",3.64,5.10,3.26,4.25,"_","_",4.10,3.41,3.48,4.02,2.25,"_",5.07,3.25,1.28,"_",3.36,"_","_",1.05,3.04,4.10,"_","_",3.34,5.03,3.50
"AGO 2002","_",3.44,5.04,3.19,4.25,"_","_",3.79,3.35,3.38,3.89,2.25,"_",4.78,3.25,1.28,"_",3.33,"_","_",1.04,2.99,3.76,"_","_",3.32,4.73,3.29
"SEP 2002","_",3.24,4.98,3.09,4.25,"_","_",3.49,3.31,3.27,3.72,2.25,"_",4.57,3.25,1.26,"_",3.32,"_","_",1.03,2.93,3.46,"_","_",3.32,4.52,3.08
"OCT 2002","_",3.13,4.91,3.07,4.25,"_","_",3.40,3.26,3.17,3.70,2.25,"_",4.63,3.25,1.27,"_",3.31,"_","_",1.01,2.92,3.41,"_","_",3.31,4.62,2.97
"NOV 2002","_",3.02,4.85,3.00,4.25,"_","_",3.30,3.12,3.04,3.65,2.25,"_",4.60,3.25,1.25,"_",3.23,"_","_",1.02,2.86,3.31,"_","_",3.32,4.59,2.89
"DIC 2002","_",2.87,4.69,2.80,3.75,"_","_",3.07,2.94,2.89,3.58,1.75,"_",4.43,2.75,1.18,"_",2.98,"_","_",0.92,2.65,3.08,"_","_",3.02,4.41,2.70
"ENE 2003","_",2.70,4.87,2.72,3.75,5.24,1.58,2.91,2.83,2.76,3.19,1.75,1.50,4.24,2.75,1.19,4.44,2.85,8.21,4.94,0.89,2.58,2.85,1.61,4.86,2.85,4.27,2.53
"FEB 2003","_",2.50,4.73,2.63,3.75,5.13,1.51,2.70,2.69,2.58,2.90,1.75,1.49,4.01,2.75,1.21,4.36,2.77,8.27,4.75,0.91,2.45,2.61,1.52,4.76,2.81,4.06,2.35
"MAR 2003","_",2.41,4.57,2.50,3.50,4.92,1.43,2.70,2.53,2.45,2.75,1.50,1.41,4.04,2.50,1.14,4.21,2.60,8.08,4.61,0.87,2.35,2.66,1.44,4.58,2.66,4.13,2.18
"ABR 2003","_",2.45,4.55,2.44,3.50,4.86,1.34,2.81,2.53,2.47,2.80,1.50,1.37,4.19,2.50,1.13,4.19,2.58,8.16,4.59,0.84,2.27,2.81,1.33,4.54,2.57,4.23,2.30
"MAY 2003","_",2.25,4.46,2.44,3.50,4.76,1.33,2.51,2.40,2.31,2.65,1.50,1.42,3.88,2.50,1.10,4.14,2.52,8.21,4.46,0.85,2.25,2.53,1.30,4.46,2.61,3.92,2.17
"JUN 2003","_",2.01,4.22,2.10,3.00,4.65,1.19,2.24,2.15,2.08,2.62,1.00,1.27,3.69,2.00,0.99,3.87,2.18,8.02,4.28,0.76,2.02,2.29,1.16,4.28,2.22,3.72,1.84
"JUL 2003","_",2.08,4.14,2.02,3.00,4.44,1.15,2.50,2.13,2.09,2.33,1.00,1.18,4.03,2.00,0.93,3.75,2.13,8.03,4.19,0.69,1.93,2.56,1.14,4.11,2.12,4.06,1.91
"AGO 2003","_",2.28,4.16,2.03,3.00,4.54,1.14,2.97,2.14,2.17,2.54,1.00,1.20,4.19,2.00,0.92,3.91,2.12,8.06,4.28,0.68,1.91,2.91,1.12,4.24,2.10,4.20,2.18
"SEP 2003","_",2.26,4.10,2.00,3.00,4.53,1.12,2.93,2.15,2.18,2.43,1.00,1.20,4.21,2.00,0.91,3.82,2.13,8.04,4.31,0.69,1.88,2.87,1.10,4.19,2.11,4.23,2.22
"OCT 2003","_",2.30,4.13,1.99,3.00,4.45,1.11,2.97,2.14,2.17,2.51,1.00,1.21,4.27,2.00,0.92,3.86,2.10,7.91,4.27,0.69,1.88,2.88,1.08,4.17,2.08,4.31,2.23
"NOV 2003","_",2.41,4.08,1.97,3.00,4.43,1.12,3.11,2.16,2.22,2.61,1.00,1.21,4.40,2.00,0.89,3.80,2.09,7.87,4.29,0.69,1.87,2.99,1.09,4.13,2.06,4.44,2.32
"DIC 2003","_",2.38,4.06,2.00,3.00,4.41,1.13,3.04,2.15,2.20,2.41,1.00,1.20,4.34,2.00,0.86,3.75,2.13,7.60,4.34,0.70,1.89,2.88,1.11,4.09,2.09,4.36,2.34
"ENE 2004","_",2.22,4.01,1.99,3.00,4.51,1.15,2.78,2.09,2.12,2.74,1.00,1.18,4.19,2.00,0.89,3.74,2.08,8.29,4.38,0.70,1.90,2.71,1.14,4.14,2.06,4.26,2.15
"FEB 2004","_",2.16,4.01,1.98,3.00,4.40,1.15,2.68,2.07,2.09,2.45,1.00,1.18,4.15,2.00,0.88,3.73,2.06,8.21,4.23,0.70,1.89,2.71,1.14,4.08,2.06,4.18,2.05
"MAR 2004","_",2.06,3.97,1.96,3.00,4.29,1.12,2.43,2.03,2.02,2.30,1.00,1.15,4.01,2.00,0.88,3.59,2.04,8.10,4.12,0.71,1.90,2.48,1.11,3.95,2.05,4.02,2.08
"ABR 2004","_",2.16,3.92,1.97,3.00,4.30,1.13,2.67,2.05,2.06,2.41,1.00,1.17,4.20,2.00,0.87,3.64,2.05,7.96,4.05,0.70,1.90,2.75,1.12,3.98,2.05,4.24,2.08
"MAY 2004","_",2.30,4.00,1.96,3.00,4.16,1.11,3.08,2.09,2.14,2.42,1.00,1.16,4.33,2.00,0.86,3.61,2.06,8.05,4.02,0.71,1.85,2.94,1.09,3.90,2.05,4.39,2.14
"JUN 2004","_",2.40,3.98,1.99,3.00,4.18,1.12,3.20,2.11,2.19,2.42,1.00,1.14,4.39,2.00,0.87,3.50,2.08,8.04,4.05,0.70,1.87,3.06,1.11,3.85,2.07,4.44,2.30
"JUL 2004","_",2.36,4.02,1.99,3.00,4.24,1.13,3.08,2.12,2.19,2.54,1.00,1.16,4.28,2.00,0.86,3.48,2.08,8.14,4.10,0.70,1.91,2.97,1.12,3.88,2.07,4.34,2.24
"AGO 2004","_",2.30,4.05,1.99,3.00,4.44,1.15,2.95,2.11,2.17,2.67,1.00,1.19,4.15,2.00,0.87,3.46,2.08,8.31,4.19,0.72,1.91,2.83,1.14,3.97,2.07,4.17,2.16
"SEP 2004","_",2.38,4.00,2.00,3.00,4.42,1.14,2.94,2.12,2.20,2.48,1.00,1.17,4.08,2.00,0.90,3.51,2.08,8.29,4.11,0.72,1.90,2.87,1.13,3.98,2.07,4.11,2.17
"OCT 2004","_",2.32,4.02,2.04,3.00,4.34,1.19,2.78,2.15,2.19,2.48,1.00,1.28,3.97,2.00,0.90,3.53,2.09,8.20,4.07,0.72,1.93,2.71,1.16,3.95,2.08,3.98,2.17
"NOV 2004","_",2.33,4.02,2.04,3.00,4.36,1.18,2.67,2.17,2.22,2.50,1.00,1.26,3.85,2.00,0.90,3.51,2.11,8.06,3.99,0.73,1.95,2.62,1.16,3.95,2.09,3.87,2.25
"DIC 2004","_",2.30,3.98,2.08,3.00,4.27,1.17,2.58,2.17,2.21,2.31,1.00,1.24,3.64,2.00,0.91,3.44,2.17,7.76,3.94,0.73,1.95,2.53,1.15,3.87,2.13,3.69,2.20
"ENE 2005","_",2.31,3.97,2.04,3.00,4.36,1.16,2.60,2.15,2.19,2.53,1.00,1.23,3.59,2.00,0.94,3.49,2.11,8.22,3.95,0.74,1.95,2.57,1.14,3.94,2.10,3.63,2.23
"FEB 2005","_",2.31,3.91,2.00,3.00,4.16,1.16,2.64,2.14,2.18,2.33,1.00,1.20,3.58,2.00,0.94,3.47,2.10,7.91,3.86,0.74,1.95,2.67,1.15,3.83,2.09,3.62,2.20
"MAR 2005","_",2.33,3.90,2.00,3.00,4.26,1.15,2.69,2.14,2.19,2.42,1.00,1.19,3.74,2.00,0.94,3.48,2.10,8.09,3.87,0.74,1.93,2.74,1.13,3.89,2.09,3.76,2.19
"ABR 2005","_",2.27,3.89,2.01,3.00,4.23,1.15,2.50,2.14,2.17,2.32,1.00,1.21,3.53,2.00,0.95,3.53,2.10,8.04,3.86,0.74,1.94,2.55,1.13,3.89,2.09,3.57,2.12
"MAY 2005","_",2.19,3.91,2.01,3.00,4.26,1.14,2.37,2.13,2.14,2.20,1.00,1.19,3.36,2.00,0.95,3.51,2.10,8.11,3.82,0.75,1.94,2.41,1.12,3.89,2.09,3.41,2.07
"JUN 2005","_",2.10,3.87,2.01,3.00,4.12,1.13,2.17,2.11,2.11,2.19,1.00,1.15,3.18,2.00,0.94,3.40,2.10,7.96,3.75,0.70,1.95,2.24,1.13,3.78,2.10,3.25,1.98
"JUL 2005","_",2.17,3.86,2.02,3.00,4.06,1.12,2.24,2.12,2.13,2.18,1.00,1.16,3.22,2.00,0.94,3.40,2.11,8.02,3.73,0.68,1.93,2.34,1.11,3.74,2.10,3.32,2.03
"AGO 2005","_",2.22,3.91,2.03,3.00,4.16,1.16,2.49,2.13,2.16,2.09,1.00,1.23,3.23,2.00,0.97,3.48,2.11,8.16,3.76,0.68,1.95,2.40,1.14,3.84,2.10,3.32,2.10
"SEP 2005","_",2.22,3.81,2.04,3.00,4.14,1.15,2.40,2.14,2.17,2.04,1.00,1.21,3.09,2.00,0.97,3.41,2.12,8.10,3.71,0.69,1.97,2.34,1.13,3.79,2.11,3.16,2.05
"OCT 2005","_",2.41,3.88,2.04,3.00,4.14,1.15,2.65,2.20,2.27,2.16,1.00,1.20,3.28,2.00,0.97,3.43,2.12,8.00,3.73,0.69,1.99,2.61,1.14,3.80,2.10,3.32,2.30
"NOV 2005","_",2.68,3.92,2.08,3.00,4.12,1.20,2.90,2.36,2.50,2.18,1.00,1.26,3.48,2.00,1.00,3.55,2.22,7.74,3.79,0.70,2.02,2.86,1.18,3.84,2.13,3.53,2.42
"DIC 2005","_",2.78,3.99,2.25,3.25,4.24,1.26,2.91,2.47,2.60,2.21,1.25,1.33,3.37,2.25,1.02,3.59,2.41,7.55,3.91,0.71,2.15,2.88,1.23,3.93,2.37,3.41,2.63
"ENE 2006","_",2.83,4.08,2.27,3.25,4.46,1.31,2.95,2.51,2.65,2.56,1.25,1.39,3.33,2.25,1.05,3.72,2.39,8.00,4.04,0.73,2.21,2.94,1.29,4.10,2.36,3.39,2.66
"FEB 2006","_",2.91,4.13,2.31,3.25,4.47,1.31,3.07,2.60,2.72,2.36,1.25,1.39,3.48,2.25,1.08,3.79,2.46,7.92,4.04,0.74,2.24,3.07,1.29,4.14,2.37,3.55,2.77
"MAR 2006","_",3.11,4.23,2.48,3.50,4.52,1.39,3.28,2.72,2.87,2.45,1.50,1.44,3.66,2.50,1.15,3.92,2.63,7.88,4.12,0.77,2.37,3.30,1.38,4.23,2.60,3.73,2.87
"ABR 2006","_",3.22,4.35,2.52,3.50,4.68,1.41,3.46,2.79,2.96,2.49,1.50,1.48,3.92,2.50,1.16,3.97,2.65,7.97,4.24,0.79,2.40,3.49,1.39,4.33,2.63,4.01,3.06
"MAY 2006","_",3.31,4.38,2.59,3.50,4.81,1.43,3.51,2.89,3.06,2.48,1.50,1.48,3.99,2.50,1.18,4.00,2.69,7.96,4.30,0.79,2.45,3.52,1.42,4.42,2.62,4.06,3.28
"JUN 2006","_",3.40,4.47,2.70,3.75,4.90,1.47,3.56,2.99,3.16,2.57,1.75,1.58,3.99,2.75,1.23,4.11,2.87,7.93,4.39,0.81,2.57,3.59,1.43,4.52,2.79,4.08,3.25
"JUL 2006","_",3.54,4.57,2.78,3.75,4.99,1.57,3.66,3.10,3.29,2.80,1.75,1.65,4.02,2.75,1.24,4.21,2.94,8.07,4.49,0.81,2.70,3.69,1.54,4.61,2.84,4.10,3.34
"AGO 2006","_",3.62,4.70,2.92,4.00,5.22,1.64,3.63,3.23,3.41,2.82,2.00,1.76,3.89,3.00,1.32,4.40,3.09,8.26,4.58,0.85,2.79,3.65,1.61,4.82,3.05,3.97,3.43
"SEP 2006","_",3.72,4.75,2.99,4.00,5.29,1.65,3.61,3.34,3.53,2.66,2.00,1.73,3.76,3.00,1.36,4.38,3.16,8.16,4.62,0.86,2.87,3.64,1.62,4.84,3.07,3.84,3.43
"OCT 2006","_",3.80,4.91,3.19,4.25,5.36,1.76,3.66,3.50,3.64,2.87,2.25,1.92,3.81,3.25,1.46,4.58,3.35,7.98,4.69,0.90,3.04,3.70,1.71,4.98,3.32,3.88,3.59
"NOV 2006","_",3.86,5.00,3.26,4.25,5.41,1.80,3.65,3.60,3.73,2.80,2.25,1.95,3.75,3.25,1.49,4.60,3.42,7.98,4.74,0.91,3.10,3.70,1.75,5.01,3.35,3.80,3.67
"DIC 2006","_",3.92,5.08,3.48,4.50,5.43,1.85,3.73,3.68,3.79,2.79,2.50,2.02,3.82,3.50,1.52,4.77,3.64,7.83,4.76,0.92,3.27,3.79,1.79,5.10,3.57,3.90,3.75
"ENE 2007","_",4.06,5.16,3.49,4.50,5.56,1.96,3.93,3.75,3.89,2.92,2.50,2.16,4.07,3.50,1.61,4.88,3.62,8.50,4.82,0.98,3.33,3.96,1.89,5.22,3.59,4.10,3.81
"FEB 2007","_",4.09,5.21,3.49,4.50,5.61,2.00,3.97,3.82,3.94,2.72,2.50,2.17,4.10,3.50,1.64,4.97,3.65,8.56,4.90,1.00,3.37,3.98,1.95,5.29,3.59,4.12,3.88
"MAR 2007","_",4.11,5.30,3.67,4.75,5.65,2.10,3.91,3.89,4.00,2.68,2.75,2.25,4.01,3.75,1.71,5.10,3.84,8.41,4.94,1.02,3.51,3.94,2.05,5.38,3.78,4.02,3.89
"ABR 2007","_",4.25,5.37,3.74,4.75,5.75,2.18,4.10,3.98,4.10,2.78,2.75,2.32,4.21,3.75,1.75,5.11,3.86,8.44,4.99,1.05,3.59,4.12,2.13,5.43,3.85,4.25,4.08
"MAY 2007","_",4.37,5.43,3.75,4.75,5.80,2.19,4.26,4.07,4.20,2.72,2.75,2.38,4.34,3.75,1.78,5.16,3.92,8.57,5.05,1.06,3.62,4.28,2.12,5.48,3.85,4.37,4.22
"JUN 2007","_",4.51,5.53,3.94,5.00,5.91,2.23,4.50,4.15,4.28,2.64,3.00,2.45,4.62,4.00,1.78,5.29,4.10,8.58,5.16,1.08,3.77,4.51,2.15,5.59,4.04,4.66,4.32
"JUL 2007","_",4.56,5.58,4.02,5.00,5.98,2.32,4.51,4.22,4.36,2.97,3.00,2.52,4.60,4.00,1.82,5.30,4.11,8.66,5.28,1.10,3.86,4.52,2.26,5.63,4.08,4.63,4.36
"AGO 2007","_",4.67,5.77,4.08,5.00,6.18,2.42,4.20,4.54,4.59,3.01,3.00,2.62,4.40,4.00,1.89,5.53,4.31,8.71,5.28,1.14,3.93,4.23,2.36,5.85,4.14,4.43,4.18
"SEP 2007","_",4.72,5.93,4.14,5.00,6.26,2.54,4.09,4.74,4.75,2.92,3.00,2.69,4.36,4.00,1.91,5.75,4.43,8.79,5.35,1.16,4.06,4.14,2.50,6.00,4.22,4.37,4.03
"OCT 2007","_",4.65,5.96,4.07,5.00,6.26,2.68,4.11,4.69,4.66,3.31,3.00,2.80,4.38,4.00,1.97,5.68,4.24,8.63,5.39,1.17,4.11,4.16,2.64,5.97,4.10,4.40,4.02
"NOV 2007","_",4.61,5.96,4.11,5.00,6.34,2.69,3.91,4.64,4.63,3.20,3.00,2.82,4.25,4.00,2.02,5.74,4.22,8.75,5.38,1.18,4.08,3.96,2.65,6.03,4.12,4.25,4.02
"DIC 2007","_",4.79,6.08,4.26,5.00,6.27,2.77,4.01,4.85,4.82,3.18,3.00,2.92,4.35,4.00,1.95,5.80,4.71,8.48,5.40,1.18,4.28,4.06,2.72,6.03,4.16,4.38,4.03
"ENE 2008","_",4.50,5.93,4.13,5.00,6.37,2.87,3.76,4.48,4.50,3.43,3.00,2.98,4.18,4.00,2.02,5.64,4.20,8.69,5.36,1.20,4.19,3.75,2.84,5.99,4.13,4.23,3.76
"FEB 2008","_",4.35,5.84,4.07,5.00,6.35,2.89,3.50,4.36,4.36,3.22,3.00,2.96,4.15,4.00,2.02,5.64,4.18,9.01,5.32,1.21,4.10,3.45,2.87,5.98,4.12,4.14,3.61
"MAR 2008","_",4.59,5.91,4.20,5.00,6.24,2.83,3.56,4.60,4.59,3.08,3.00,2.99,4.12,4.00,2.03,5.67,4.30,8.83,5.25,1.22,4.14,3.55,2.78,5.94,4.19,4.07,3.71
"ABR 2008","_",4.82,6.03,4.27,5.00,6.20,2.96,3.96,4.78,4.80,3.14,3.00,3.13,4.32,4.00,2.06,5.82,4.37,8.82,5.26,1.22,4.28,3.90,2.90,6.00,4.24,4.28,3.98
"MAY 2008","_",4.99,6.10,4.26,5.00,6.39,2.97,4.16,4.86,4.90,3.16,3.00,3.11,4.43,4.00,2.08,5.89,4.39,8.93,5.34,1.23,4.32,4.13,2.92,6.13,4.22,4.42,4.18
"JUN 2008","_",5.36,6.16,4.35,5.00,6.53,3.04,4.73,4.94,5.09,3.28,3.00,3.20,4.79,4.00,2.06,5.83,4.47,8.87,5.46,1.24,4.43,4.73,2.99,6.17,4.20,4.81,4.55
"JUL 2008","_",5.39,6.26,4.46,5.25,6.70,3.16,4.68,4.96,5.15,3.37,3.25,3.29,4.80,4.25,2.14,6.06,4.47,9.07,5.63,1.26,4.61,4.66,3.11,6.36,4.34,4.81,4.49
"AGO 2008","_",5.32,6.27,4.46,5.25,7.07,3.19,4.27,4.97,5.16,3.45,3.25,3.34,4.56,4.25,2.17,6.06,4.49,9.11,5.69,1.29,4.59,4.27,3.14,6.55,4.40,4.50,4.37
"SEP 2008","_",5.38,6.34,4.52,5.25,7.06,3.22,4.18,5.02,5.22,3.36,3.25,3.28,4.57,4.25,2.20,6.11,4.66,9.07,5.69,1.32,4.65,4.11,3.21,6.56,4.53,4.50,4.23
"OCT 2008","_",5.25,6.52,4.26,4.25,7.02,3.35,3.60,5.11,5.18,3.57,3.25,3.34,4.46,3.75,2.20,6.14,4.83,9.16,5.68,1.34,4.77,3.47,3.35,6.56,4.29,4.42,3.18
"NOV 2008","_",4.35,6.04,3.53,3.75,7.01,3.01,3.21,4.24,4.29,3.71,2.75,2.86,4.15,3.25,1.98,5.66,3.84,9.12,5.53,1.29,4.26,3.04,3.06,6.31,3.35,4.20,2.40
"DIC 2008","_",3.45,5.38,2.87,3.00,6.61,2.72,3.07,3.29,3.37,3.69,2.00,2.50,3.86,2.50,1.61,4.87,2.99,8.61,5.18,1.16,3.75,2.86,2.79,5.70,2.57,3.89,2.09
"ENE 2009","_",2.62,4.73,2.25,3.00,5.94,2.25,2.87,2.46,2.54,3.52,1.00,1.97,4.15,2.00,1.26,4.17,2.14,8.82,4.76,1.02,3.28,2.61,2.33,5.02,1.90,4.10,1.46
"FEB 2009","_",2.14,4.32,1.61,3.00,5.27,2.01,2.67,1.94,2.03,3.23,1.00,1.69,4.23,2.00,1.10,3.80,1.63,8.54,4.49,0.90,2.63,2.31,2.11,4.50,1.37,4.20,1.25
"MAR 2009","_",1.91,4.03,1.37,2.50,4.85,1.77,2.49,1.64,1.77,3.07,0.50,1.44,4.06,1.50,0.93,3.59,1.27,8.19,4.25,0.80,2.24,2.24,1.87,4.19,1.05,4.14,1.23
"ABR 2009","_",1.77,3.82,1.15,2.25,4.63,1.58,2.29,1.42,1.61,2.87,0.25,1.31,4.01,1.25,0.76,3.18,1.01,8.21,4.09,0.66,2.01,2.19,1.66,3.87,0.90,4.09,1.11
"MAY 2009","_",1.64,3.73,1.08,1.75,4.51,1.49,2.19,1.28,1.48,2.72,0.25,1.21,4.06,1.00,0.73,3.23,0.88,8.24,3.98,0.61,1.89,2.11,1.58,3.84,0.79,4.13,0.95
"JUN 2009","_",1.61,3.64,1.04,1.75,4.32,1.41,2.34,1.23,1.44,2.56,0.25,1.06,4.25,1.00,0.63,3.22,0.91,8.02,3.94,0.56,1.86,2.23,1.52,3.74,0.82,4.33,0.96
"JUL 2009","_",1.41,3.56,0.82,1.75,4.26,1.40,2.04,0.97,1.21,2.61,0.25,1.00,4.01,1.00,0.57,3.08,0.61,8.23,3.89,0.52,1.86,1.97,1.52,3.65,0.39,4.09,0.83
"AGO 2009","_",1.33,3.42,0.71,1.75,4.30,1.36,2.12,0.86,1.12,2.64,0.25,0.91,3.79,1.00,0.54,2.87,0.51,8.40,3.92,0.50,1.72,2.01,1.50,3.56,0.35,3.89,0.79
"SEP 2009","_",1.26,3.36,0.69,1.75,4.13,1.25,1.90,0.77,1.04,2.52,0.25,0.88,3.81,1.00,0.52,3.01,0.46,8.32,3.76,0.49,1.61,1.80,1.37,3.55,0.34,3.87,0.78
"OCT 2009","_",1.24,3.34,0.66,1.75,3.99,1.26,1.92,0.74,1.02,2.55,0.25,0.86,3.78,1.00,0.49,2.91,0.43,8.18,3.70,0.46,1.68,1.87,1.39,3.44,0.35,3.80,0.86
"NOV 2009","_",1.23,3.34,0.70,1.75,3.91,1.31,1.93,0.72,0.99,2.56,0.25,0.94,3.79,1.00,0.48,2.91,0.44,7.95,3.64,0.46,1.67,1.86,1.42,3.39,0.36,3.84,0.85
"DIC 2009","_",1.24,3.28,0.77,1.75,3.71,1.28,2.02,0.71,1.00,2.40,0.25,0.92,3.81,1.00,0.47,2.95,0.48,7.58,3.63,0.45,1.67,1.84,1.39,3.32,0.39,3.87,0.88
"ENE 2010","_",1.23,3.25,0.72,1.75,3.87,1.24,2.16,0.68,0.98,2.52,0.25,0.87,3.99,1.00,0.45,2.79,0.44,8.09,3.62,0.43,1.74,2.01,1.35,3.32,0.35,4.10,0.81
"FEB 2010","_",1.23,3.26,0.73,1.75,3.84,1.18,2.23,0.66,0.96,2.36,0.25,0.88,3.98,1.00,0.44,2.76,0.42,8.13,3.54,0.42,1.75,2.03,1.27,3.29,0.34,4.11,0.83
"MAR 2010","_",1.22,3.24,0.79,1.75,3.70,1.30,1.90,0.64,0.95,2.24,0.25,1.05,3.83,1.00,0.44,2.86,0.41,7.86,3.47,0.42,1.90,1.82,1.37,3.27,0.34,3.99,0.74
"ABR 2010","_",1.23,3.19,0.78,1.75,3.66,1.36,2.11,0.64,0.96,2.14,0.25,1.08,3.90,1.00,0.43,2.80,0.40,8.00,3.51,0.41,2.02,1.96,1.45,3.22,0.35,4.17,1.08
"MAY 2010","_",1.25,3.25,0.77,1.75,3.61,1.30,2.51,0.69,0.98,2.24,0.25,1.08,4.08,1.00,0.43,2.73,0.42,7.91,3.40,0.40,2.04,1.96,1.37,3.16,0.36,3.68,1.58
"JUN 2010","_",1.28,3.23,0.89,1.75,3.31,1.37,3.30,0.73,1.01,2.45,0.25,1.04,4.56,1.00,0.44,3.00,0.45,7.34,3.53,0.42,2.15,2.00,1.48,3.15,0.38,3.69,2.27
"JUL 2010","_",1.37,3.28,1.06,1.75,3.45,1.51,2.82,0.85,1.10,2.36,0.25,1.28,4.43,1.00,0.46,2.99,0.58,7.55,3.62,0.41,2.30,2.25,1.58,3.22,0.53,3.61,2.10
"AGO 2010","_",1.42,3.38,1.01,1.75,3.63,1.46,2.34,0.90,1.15,2.35,0.25,1.18,4.04,1.00,0.46,3.03,0.64,7.64,3.74,0.42,2.20,2.19,1.55,3.32,0.54,3.44,1.73
"SEP 2010","_",1.42,3.35,1.11,1.75,3.65,1.61,2.59,0.88,1.14,2.29,0.25,1.33,4.09,1.00,0.47,2.98,0.62,7.57,3.61,0.42,2.24,2.18,1.70,3.31,0.51,3.49,1.79
"OCT 2010","_",1.50,3.44,1.18,1.75,3.69,1.63,2.49,1.00,1.22,2.80,0.25,1.34,4.04,1.00,0.50,3.29,0.78,7.42,3.59,0.42,2.35,2.09,1.71,3.49,0.74,3.33,1.83
"NOV 2010","_",1.54,3.53,1.16,1.75,3.66,1.65,3.28,1.04,1.27,2.66,0.25,1.31,4.69,1.00,0.51,3.11,0.83,7.39,3.64,0.42,2.32,2.54,1.76,3.38,0.73,3.72,2.30
"DIC 2010","_",1.53,3.49,1.19,1.75,3.56,1.60,3.90,1.02,1.25,2.61,0.25,1.29,5.38,1.00,0.51,3.24,0.81,7.07,3.68,0.41,2.25,2.73,1.70,3.40,0.66,4.05,3.26
"ENE 2011","_",1.55,3.44,1.29,1.75,3.92,1.59,3.75,1.02,1.25,2.77,0.25,1.33,5.38,1.00,0.55,3.36,0.79,7.49,3.81,0.42,2.38,2.92,1.67,3.64,0.69,3.93,2.77
"FEB 2011","_",1.71,3.59,1.32,1.75,4.05,1.57,3.49,1.09,1.35,2.80,0.25,1.30,5.26,1.00,0.53,3.69,0.89,7.61,3.89,0.43,2.35,3.19,1.65,3.87,0.83,4.47,2.22
"MAR 2011","_",1.92,3.69,1.37,1.75,4.09,1.60,3.41,1.18,1.48,2.91,0.25,1.32,5.25,1.00,0.55,3.70,0.90,7.67,3.92,0.44,2.34,3.71,1.69,3.89,0.81,4.49,2.14
"ABR 2011","_",2.09,3.77,1.58,2.00,4.22,1.64,3.73,1.32,1.62,3.07,0.50,1.38,5.33,1.25,0.62,3.95,1.13,7.55,4.02,0.45,2.46,4.06,1.72,4.09,1.08,4.66,2.55
"MAY 2011","_",2.15,3.91,1.65,2.00,4.34,1.71,3.97,1.43,1.71,3.06,0.50,1.45,5.32,1.25,0.64,3.80,1.24,7.77,4.08,0.47,2.52,4.44,1.79,4.07,1.19,4.37,2.51
"JUN 2011","_",2.14,3.94,1.78,2.00,4.28,1.72,4.07,1.49,1.75,3.15,0.50,1.45,5.48,1.25,0.68,3.65,1.28,7.69,4.08,0.48,2.57,4.67,1.81,3.96,1.19,4.37,2.69
"JUL 2011","_",2.18,4.08,1.78,2.25,4.42,1.65,4.50,1.60,1.82,3.10,0.75,1.41,5.82,1.50,0.67,3.96,1.42,7.74,4.09,0.50,2.73,5.05,1.72,4.19,1.32,4.60,3.29
"AGO 2011","_",2.10,4.09,1.67,2.25,4.55,1.57,3.98,1.55,1.75,2.99,0.75,1.32,5.25,1.50,0.69,3.96,1.37,7.89,4.15,0.52,2.72,4.42,1.64,4.26,1.17,4.20,3.25
"SEP 2011","_",2.07,4.17,1.75,2.25,4.54,1.65,3.76,1.54,1.74,2.91,0.75,1.38,5.20,1.50,0.70,3.93,1.35,7.94,4.01,0.53,2.71,5.34,1.73,4.23,1.13,4.03,3.33
"OCT 2011","_",2.11,4.26,1.72,2.25,4.62,1.64,3.89,1.58,1.78,3.12,0.75,1.36,5.26,1.50,0.70,4.05,1.36,7.90,3.94,0.54,2.87,6.05,1.72,4.33,1.17,4.08,3.47
"NOV 2011","_",2.04,4.34,1.53,2.00,4.56,1.65,5.07,1.48,1.71,3.01,0.50,1.33,6.20,1.25,0.67,3.91,1.23,7.62,3.95,0.53,2.76,8.00,1.73,4.23,0.95,4.39,4.75
"DIC 2011","_",2.00,4.43,1.53,1.75,4.51,1.63,4.02,1.43,1.67,3.04,0.25,1.32,5.53,1.00,0.66,4.02,1.14,7.35,4.01,0.52,2.76,6.43,1.72,4.27,0.82,4.09,3.45
"ENE 2012","_",1.84,4.36,1.36,1.75,4.75,1.61,3.34,1.22,1.50,3.13,0.25,1.20,5.41,1.00,0.62,3.65,0.84,7.85,4.02,0.51,2.92,5.89,1.73,4.20,0.49,3.90,2.04
"FEB 2012","_",1.68,4.28,1.26,1.75,4.72,1.57,2.95,1.05,1.35,3.14,0.25,1.23,5.11,1.00,0.61,3.88,0.63,7.87,3.91,0.50,2.87,7.55,1.66,4.30,0.37,3.74,1.63
"MAR 2012","_",1.50,4.20,1.31,1.75,4.59,1.49,2.76,0.86,1.16,3.02,0.25,1.16,5.17,1.00,0.59,3.75,0.47,7.63,3.83,0.49,2.84,3.79,1.58,4.17,0.32,3.28,1.43
"ABR 2012","_",1.37,4.17,1.15,1.75,4.43,1.40,3.62,0.74,1.04,2.84,0.25,1.07,5.79,1.00,0.56,4.06,0.41,7.53,3.77,0.47,2.80,2.20,1.49,4.25,0.32,3.38,2.42
"MAY 2012","_",1.27,4.14,1.07,1.75,4.39,1.33,4.52,0.68,0.97,2.68,0.25,1.02,6.12,1.00,0.55,4.15,0.39,7.66,3.71,0.46,2.64,2.25,1.41,4.27,0.32,3.53,3.27
"JUN 2012","_",1.22,4.07,1.11,1.75,4.26,1.34,5.39,0.66,0.93,2.64,0.25,1.06,6.59,1.00,0.53,3.91,0.38,7.41,3.64,0.45,2.69,2.44,1.41,4.08,0.32,3.41,4.18
"JUL 2012","_",1.06,4.11,1.14,1.50,4.26,1.40,5.61,0.50,0.78,2.61,0.00,1.04,6.79,0.75,0.49,3.80,0.22,7.58,3.57,0.43,2.78,2.25,1.48,4.03,0.16,3.25,4.05
"AGO 2012","_",0.88,3.94,1.09,1.50,4.33,1.41,4.82,0.33,0.61,2.51,0.00,1.04,6.58,0.75,0.47,3.68,0.13,7.56,3.47,0.41,2.63,2.04,1.50,4.01,0.09,3.01,3.09
"SEP 2012","_",0.74,3.87,1.11,1.50,4.17,1.59,3.88,0.25,0.48,2.42,0.00,1.09,5.91,0.75,0.47,3.56,0.12,7.41,3.44,0.40,2.77,1.50,1.72,3.87,0.09,2.42,2.63
"OCT 2012","_",0.65,3.91,1.05,1.50,4.14,1.61,3.66,0.21,0.41,2.47,0.00,1.23,5.64,0.75,0.46,3.64,0.11,7.32,3.39,0.39,2.72,1.49,1.70,3.89,0.08,2.31,2.54
"NOV 2012","_",0.59,3.89,1.04,1.50,3.99,1.64,3.73,0.19,0.36,2.33,0.00,1.14,5.69,0.75,0.44,3.67,0.11,7.27,3.33,0.38,2.70,1.49,1.76,3.83,0.08,2.25,2.42
"DIC 2012","_",0.55,3.78,1.07,1.50,3.86,1.60,3.44,0.19,0.32,2.25,0.00,1.13,5.34,0.75,0.42,3.66,0.11,7.05,3.40,0.37,2.71,1.32,1.72,3.76,0.08,2.10,2.26
"ENE 2013","_",0.58,3.77,1.10,1.50,4.14,1.39,2.92,0.20,0.34,2.41,0.00,1.09,5.05,0.75,0.40,3.83,0.11,7.41,3.32,0.35,2.58,1.30,1.47,4.00,0.08,2.39,1.43
"FEB 2013","_",0.59,3.82,1.05,1.50,4.22,1.16,3.07,0.22,0.36,2.29,0.00,0.94,5.22,0.75,0.40,3.91,0.12,7.40,3.34,0.34,2.42,1.40,1.22,4.08,0.08,2.86,1.47
"MAR 2013","_",0.54,3.74,0.96,1.50,4.17,1.13,2.83,0.21,0.33,2.28,0.00,0.91,4.92,0.75,0.40,3.81,0.12,7.29,3.37,0.34,2.26,1.33,1.19,4.01,0.08,3.03,1.36
"ABR 2013","_",0.53,3.84,0.96,1.50,4.19,1.16,2.67,0.21,0.32,2.26,0.00,0.99,4.59,0.75,0.39,4.12,0.12,7.22,3.35,0.33,2.31,1.16,1.21,4.16,0.08,2.86,1.11
"MAY 2013","_",0.48,3.87,0.90,1.00,4.23,1.17,2.37,0.20,0.30,2.25,0.00,0.95,4.25,0.50,0.39,4.21,0.11,7.35,3.31,0.32,2.02,1.04,1.22,4.22,0.08,2.68,1.02
"JUN 2013","_",0.51,3.72,0.83,1.00,4.16,1.02,2.86,0.21,0.32,2.11,0.00,0.86,4.67,0.50,0.38,3.62,0.12,7.24,3.24,0.30,1.86,1.42,1.06,3.91,0.09,3.07,1.35
"JUL 2013","_",0.53,3.84,0.82,1.00,4.22,1.05,2.73,0.22,0.34,2.08,0.00,0.92,4.67,0.50,0.37,4.05,0.13,7.25,3.26,0.29,1.85,1.28,1.09,4.14,0.10,3.10,1.35
"AGO 2013","_",0.54,3.71,0.70,1.00,4.33,1.01,2.53,0.23,0.34,2.05,0.00,0.83,4.50,0.50,0.37,3.90,0.13,7.26,3.30,0.29,1.78,1.25,1.06,4.14,0.10,3.10,1.24
"SEP 2013","_",0.54,3.75,0.80,1.00,4.22,1.02,2.45,0.22,0.34,2.06,0.00,0.86,4.42,0.50,0.35,3.47,0.13,7.29,3.34,0.28,1.68,1.35,1.07,3.88,0.10,3.41,1.23
"OCT 2013","_",0.54,3.85,0.78,1.00,4.15,1.03,2.10,0.23,0.34,2.07,0.00,0.89,4.22,0.50,0.34,4.13,0.13,7.21,3.33,0.28,1.70,1.19,1.07,4.14,0.10,3.16,0.87
"NOV 2013","_",0.51,3.83,0.75,0.75,4.15,0.94,1.90,0.22,0.33,2.02,0.00,0.77,4.10,0.25,0.34,4.27,0.13,7.27,3.35,0.27,1.58,0.97,0.99,4.20,0.11,3.17,0.71
"DIC 2013","_",0.54,3.78,0.79,0.75,4.06,0.90,1.98,0.27,0.37,1.91,0.00,0.77,4.13,0.25,0.34,3.57,0.21,7.10,3.35,0.27,1.56,1.03,0.93,3.84,0.18,3.31,0.89
"ENE 2014","_",0.56,3.83,0.70,0.75,4.22,0.87,1.56,0.29,0.40,1.94,0.00,0.74,3.79,0.25,0.33,3.89,0.22,7.32,3.28,0.26,1.64,0.97,0.91,4.07,0.19,3.21,0.73
"FEB 2014","_",0.55,3.81,0.64,0.75,4.19,0.82,1.53,0.29,0.39,1.93,0.00,0.68,3.56,0.25,0.33,3.93,0.22,7.32,3.29,0.26,1.59,0.84,0.86,4.08,0.19,3.09,0.62
"MAR 2014","_",0.58,3.78,0.66,0.75,4.19,0.75,1.26,0.31,0.41,1.86,0.00,0.67,3.31,0.25,0.35,3.91,0.23,7.19,3.21,0.26,1.55,0.84,0.78,4.06,0.20,2.89,0.56
"ABR 2014","_",0.60,3.78,0.70,0.75,4.10,0.71,1.06,0.33,0.43,1.84,0.00,0.65,3.11,0.25,0.34,4.03,0.25,7.09,3.19,0.26,1.55,0.72,0.72,4.07,0.22,2.61,0.56
"MAY 2014","_",0.59,3.78,0.62,0.75,4.08,0.67,1.05,0.32,0.42,1.74,0.00,0.63,2.93,0.25,0.34,3.90,0.26,7.25,3.14,0.26,1.41,0.68,0.68,4.00,0.24,2.55,0.59
"JUN 2014","_",0.51,3.59,0.58,0.40,4.18,0.61,0.85,0.24,0.33,1.73,-0.10,0.58,2.72,0.15,0.31,3.63,0.15,7.11,3.11,0.25,1.33,0.55,0.62,3.94,0.11,2.28,0.37
"JUL 2014","_",0.49,3.59,0.57,0.40,3.93,0.58,0.67,0.21,0.30,1.75,-0.10,0.57,2.67,0.15,0.28,3.83,0.10,7.06,3.03,0.23,1.30,0.43,0.58,3.89,0.05,2.16,0.24
"AGO 2014","_",0.47,3.47,0.48,0.40,4.03,0.54,0.58,0.19,0.29,1.66,-0.10,0.52,2.41,0.15,0.28,3.80,0.09,7.05,2.96,0.22,1.22,0.36,0.55,3.93,0.04,1.99,0.16
"SEP 2014","_",0.36,3.32,0.49,0.30,4.04,0.50,0.52,0.10,0.20,1.70,-0.20,0.47,2.19,0.05,0.26,3.67,0.02,6.99,2.88,0.21,1.19,0.30,0.51,3.88,-0.01,1.85,0.18
"OCT 2014","_",0.34,3.30,0.48,0.30,3.94,0.47,0.61,0.08,0.18,1.65,-0.20,0.46,2.12,0.05,0.24,3.64,0.01,6.98,2.81,0.20,1.11,0.36,0.47,3.81,-0.01,1.69,0.30
"NOV 2014","_",0.33,3.20,0.42,0.30,3.81,0.42,0.67,0.08,0.18,1.66,-0.20,0.40,2.07,0.05,0.24,3.29,0.01,6.98,2.76,0.20,1.04,0.36,0.43,3.59,-0.01,1.62,0.31
"DIC 2014","_",0.33,3.13,0.42,0.30,3.47,0.41,0.66,0.08,0.18,1.56,-0.20,0.39,1.78,0.05,0.24,2.73,0.02,6.53,2.74,0.20,0.97,0.31,0.42,2.82,-0.01,1.45,0.35
"ENE 2015","_",0.30,3.16,0.43,0.30,3.61,0.40,0.53,0.06,0.15,1.95,-0.20,0.38,1.54,0.05,0.23,3.34,0.01,6.73,2.69,0.19,1.03,0.20,0.40,3.38,-0.04,1.27,0.19
"FEB 2015","_",0.26,3.06,0.33,0.30,3.62,0.35,0.44,0.05,0.13,1.53,-0.20,0.30,1.52,0.05,0.22,3.12,0.00,6.82,2.59,0.18,1.00,0.13,0.36,3.20,-0.03,1.21,0.15
"MAR 2015","_",0.21,2.95,0.30,0.30,3.39,0.33,0.25,0.03,0.10,1.24,-0.20,0.30,1.23,0.05,0.22,2.84,-0.01,6.50,2.53,0.17,0.90,0.05,0.33,2.92,-0.04,0.95,0.06
"ABR 2015","_",0.18,2.93,0.29,0.30,3.34,0.30,0.21,0.00,0.07,1.19,-0.20,0.27,1.31,0.05,0.19,3.04,-0.03,6.42,2.50,0.16,0.89,0.02,0.31,3.09,-0.08,0.85,0.02
"MAY 2015","_",0.17,2.89,0.29,0.30,3.43,0.29,0.29,-0.01,0.06,1.14,-0.20,0.28,1.78,0.05,0.19,2.87,-0.05,6.60,2.46,0.16,0.87,0.07,0.30,2.95,-0.11,1.33,0.01
"JUN 2015","_",0.16,2.76,0.28,0.30,3.38,0.28,0.54,-0.01,0.05,1.12,-0.20,0.29,2.22,0.05,0.19,2.81,-0.06,6.47,2.49,0.15,0.79,0.16,0.28,2.89,-0.12,1.66,0.15
"JUL 2015","_",0.17,2.83,0.31,0.30,3.31,0.27,0.48,-0.02,0.05,1.15,-0.20,0.25,2.10,0.05,0.18,2.71,-0.07,6.53,2.57,0.15,0.68,0.10,0.27,2.81,-0.13,1.53,0.07
"AGO 2015","_",0.16,2.80,0.22,0.30,3.45,0.25,0.39,-0.03,0.04,1.00,-0.20,0.24,1.96,0.05,0.18,2.61,-0.09,6.62,2.60,0.14,0.68,0.04,0.26,2.76,-0.14,1.39,0.04
"SEP 2015","_",0.15,2.78,0.25,0.30,3.33,0.25,0.41,-0.04,0.04,1.08,-0.20,0.22,2.02,0.05,0.17,2.76,-0.11,6.55,2.61,0.14,0.68,0.05,0.26,2.86,-0.15,1.48,0.05
"OCT 2015","_",0.13,2.76,0.25,0.30,3.39,0.25,0.27,-0.05,0.02,0.99,-0.20,0.22,1.73,0.05,0.17,2.77,-0.12,6.43,2.58,0.14,0.65,-0.01,0.26,2.88,-0.15,1.20,-0.00
"NOV 2015","_",0.08,2.71,0.21,0.30,3.31,0.24,0.25,-0.09,-0.02,0.96,-0.20,0.22,1.72,0.05,0.16,2.74,-0.14,6.60,2.62,0.14,0.65,-0.07,0.25,2.85,-0.16,1.15,-0.06
"DIC 2015","_",0.06,2.63,0.21,0.30,3.10,0.24,0.23,-0.13,-0.04,0.98,-0.30,0.26,1.69,0.05,0.15,2.58,-0.19,6.25,2.55,0.13,0.65,-0.05,0.23,2.66,-0.23,1.19,-0.03
"ENE 2016","_",0.04,2.71,0.26,0.30,3.33,0.22,0.23,-0.15,-0.06,1.25,-0.30,0.27,1.72,0.05,0.13,2.84,-0.22,6.64,2.53,0.12,0.64,-0.12,0.20,2.92,-0.26,1.11,-0.06
"FEB 2016","_",-0.01,2.68,0.23,0.30,3.23,0.21,0.26,-0.18,-0.12,0.90,-0.30,0.25,1.72,0.05,0.13,2.52,-0.25,6.46,2.49,0.12,0.62,-0.15,0.20,2.64,-0.27,1.04,-0.03
"MAR 2016","_",-0.01,2.58,0.15,0.25,3.20,0.21,0.13,-0.23,-0.13,0.88,-0.40,0.29,1.54,0.00,0.14,2.61,-0.31,6.34,2.38,0.11,0.61,-0.19,0.18,2.73,-0.32,0.93,-0.06
"ABR 2016","_",-0.01,2.56,0.18,0.25,3.16,0.18,0.13,-0.25,-0.14,0.85,-0.40,0.25,1.53,0.00,0.12,2.75,-0.34,6.35,2.41,0.11,0.60,-0.18,0.16,2.86,-0.36,0.96,-0.09
"MAY 2016","_",-0.01,2.52,0.12,0.25,3.20,0.16,0.08,-0.26,-0.14,0.87,-0.40,0.24,1.57,0.00,0.11,2.50,-0.35,6.46,2.36,0.10,0.55,-0.22,0.14,2.65,-0.36,0.97,-0.16
"JUN 2016","_",-0.03,2.36,0.14,0.25,3.18,0.16,0.10,-0.27,-0.16,0.85,-0.40,0.23,1.48,0.00,0.11,2.31,-0.36,6.18,2.32,0.09,0.57,-0.22,0.14,2.48,-0.37,0.88,-0.11
"JUL 2016","_",-0.06,2.42,0.16,0.25,3.26,0.14,-0.03,-0.29,-0.19,0.91,-0.40,0.22,1.17,0.00,0.10,2.57,-0.37,6.29,2.32,0.09,0.50,-0.30,0.12,2.70,-0.38,0.62,-0.20
"AGO 2016","_",-0.05,2.39,0.15,0.25,3.34,0.12,-0.06,-0.30,-0.19,0.83,-0.40,0.17,1.01,0.00,0.09,2.36,-0.37,6.37,2.31,0.08,0.52,-0.32,0.11,2.54,-0.38,0.61,-0.22
"SEP 2016","_",-0.06,2.34,0.12,0.25,3.31,0.11,-0.05,-0.30,-0.20,0.79,-0.40,0.16,1.04,0.00,0.09,2.50,-0.37,6.14,2.28,0.08,0.52,-0.30,0.10,2.65,-0.38,0.73,-0.23
"OCT 2016","_",-0.07,2.35,0.15,0.25,3.23,0.10,-0.05,-0.31,-0.21,0.75,-0.40,0.15,1.07,0.00,0.08,2.61,-0.37,6.11,2.25,0.08,0.45,-0.26,0.09,2.74,-0.38,0.77,-0.26
"NOV 2016","_",-0.07,2.33,0.12,0.25,3.21,0.11,0.11,-0.31,-0.21,0.78,-0.40,0.18,1.43,0.00,0.07,2.46,-0.37,6.12,2.24,0.08,0.44,-0.17,0.09,2.63,-0.38,1.23,-0.23
"DIC 2016","_",-0.08,2.31,0.11,0.25,3.06,0.09,0.04,-0.32,-0.22,0.76,-0.40,0.14,1.44,0.00,0.06,2.29,-0.37,5.86,2.24,0.07,0.45,-0.27,0.08,2.43,-0.38,1.28,-0.24
"ENE 2017","_",-0.09,2.33,0.12,0.25,3.31,0.09,-0.02,-0.33,-0.24,0.76,-0.40,0.15,1.46,0.00,0.06,2.56,-0.37,6.23,2.28,0.07,0.43,-0.25,0.07,2.70,-0.38,1.31,-0.29
"FEB 2017","_",-0.11,2.27,0.09,0.25,3.22,0.09,0.05,-0.33,-0.24,0.77,-0.40,0.14,1.70,0.00,0.05,2.34,-0.37,6.17,2.29,0.06,0.42,-0.17,0.07,2.51,-0.38,1.44,-0.29
"MAR 2017","_",-0.11,2.25,0.06,0.25,3.24,0.09,-0.02,-0.33,-0.24,0.74,-0.40,0.15,1.72,0.00,0.05,2.34,-0.37,6.08,2.25,0.06,0.42,-0.15,0.07,2.52,-0.38,1.45,-0.28
"ABR 2017","_",-0.12,2.25,0.09,0.25,3.19,0.08,-0.07,-0.33,-0.25,0.73,-0.40,0.13,1.61,0.00,0.05,2.57,-0.37,5.96,2.26,0.06,0.41,-0.22,0.06,2.70,-0.38,1.26,-0.29
"MAY 2017","_",-0.13,2.23,0.09,0.25,3.22,0.08,-0.10,-0.33,-0.25,0.81,-0.40,0.12,1.57,0.00,0.05,2.38,-0.37,6.22,2.23,0.05,0.40,-0.27,0.06,2.56,-0.38,1.17,-0.34
"JUN 2017","_",-0.15,2.19,0.05,0.25,3.18,0.07,-0.15,-0.33,-0.27,0.77,-0.40,0.12,1.45,0.00,0.04,2.27,-0.37,6.19,2.22,0.05,0.39,-0.26,0.06,2.45,-0.38,1.07,-0.37
"JUL 2017","_",-0.15,2.21,0.10,0.25,3.18,0.08,-0.13,-0.33,-0.27,0.76,-0.40,0.12,1.60,0.00,0.04,2.42,-0.37,6.28,2.22,0.05,0.39,-0.21,0.06,2.57,-0.38,1.21,-0.36
"AGO 2017","_",-0.16,2.21,0.10,0.25,3.30,0.08,-0.13,-0.33,-0.27,0.75,-0.40,0.13,1.48,0.00,0.04,2.31,-0.37,6.34,2.21,0.05,0.36,-0.29,0.06,2.52,-0.38,1.04,-0.39
"SEP 2017","_",-0.17,2.18,0.06,0.25,3.24,0.07,-0.07,-0.33,-0.27,0.74,-0.40,0.12,1.54,0.00,0.04,2.34,-0.37,6.20,2.20,0.05,0.36,-0.32,0.06,2.52,-0.38,1.12,-0.36
"OCT 2017","_",-0.18,2.15,0.11,0.25,3.36,0.08,-0.03,-0.33,-0.27,0.75,-0.40,0.14,1.60,0.00,0.04,2.53,-0.37,6.16,2.18,0.05,0.36,-0.30,0.06,2.73,-0.38,1.15,-0.34
"NOV 2017","_",-0.19,2.15,0.08,0.25,3.13,0.07,-0.09,-0.33,-0.27,0.75,-0.40,0.14,1.49,0.00,0.04,2.34,-0.37,6.14,2.16,0.04,0.34,-0.35,0.06,2.54,-0.38,0.95,-0.38
"DIC 2017","_",-0.19,2.11,0.06,0.25,3.03,0.06,-0.10,-0.33,-0.27,0.73,-0.40,0.11,1.44,0.00,0.04,2.12,-0.37,5.80,2.15,0.05,0.34,-0.32,0.05,2.29,-0.38,0.88,-0.41
"ENE 2018","_",-0.19,2.10,0.05,0.25,3.24,0.06,-0.06,-0.33,-0.27,0.69,-0.40,0.12,1.47,0.00,0.04,2.12,-0.37,6.28,2.14,0.04,0.36,-0.20,0.05,2.33,-0.38,1.03,-0.43
"FEB 2018","_",-0.19,2.10,0.08,0.25,3.26,0.06,0.01,-0.33,-0.27,0.69,-0.40,0.11,1.51,0.00,0.04,2.17,-0.37,6.19,2.14,0.04,0.36,-0.13,0.05,2.40,-0.38,1.27,-0.41
"MAR 2018","_",-0.19,2.11,0.08,0.25,3.22,0.06,-0.06,-0.33,-0.27,0.67,-0.40,0.11,1.33,0.00,0.04,2.08,-0.37,6.06,2.15,0.04,0.36,-0.16,0.05,2.34,-0.38,1.17,-0.42
"ABR 2018","_",-0.19,2.08,0.06,0.25,3.31,0.06,-0.15,-0.33,-0.27,0.61,-0.40,0.12,1.21,0.00,0.03,2.23,-0.37,6.15,2.13,0.04,0.37,-0.21,0.05,2.47,-0.38,1.13,-0.42
"MAY 2018","_",-0.19,2.06,0.08,0.25,3.28,0.06,-0.05,-0.33,-0.27,0.57,-0.40,0.10,1.39,0.00,0.03,2.04,-0.37,6.39,2.14,0.04,0.36,-0.07,0.04,2.31,-0.38,1.24,-0.36
"JUN 2018","_",-0.18,2.03,0.06,0.25,3.14,0.06,-0.06,-0.32,-0.27,0.63,-0.40,0.13,1.37,0.00,0.04,2.07,-0.37,6.12,2.13,0.03,0.34,0.13,0.04,2.30,-0.38,1.29,-0.35
"JUL 2018","_",-0.18,2.00,0.07,0.25,3.23,0.05,-0.13,-0.32,-0.27,0.64,-0.40,0.10,1.33,0.00,0.03,2.17,-0.37,6.22,2.12,0.03,0.32,0.07,0.04,2.40,-0.38,1.20,-0.39
"AGO 2018","_",-0.17,2.02,0.08,0.25,3.43,0.05,-0.06,-0.32,-0.27,0.64,-0.40,0.10,1.40,0.00,0.03,2.08,-0.37,6.42,2.11,0.03,0.29,0.25,0.04,2.39,-0.38,1.37,-0.39
"SEP 2018","_",-0.17,2.00,0.07,0.25,3.13,0.05,0.01,-0.32,-0.27,0.69,-0.40,0.11,1.46,0.00,0.03,2.12,-0.37,6.27,2.09,0.03,0.31,0.19,0.04,2.34,-0.38,1.32,-0.37
"OCT 2018","_",-0.15,1.99,0.05,0.25,3.39,0.05,0.11,-0.32,-0.26,0.73,-0.40,0.11,1.59,0.00,0.03,2.23,-0.37,6.23,2.10,0.03,0.30,0.48,0.04,2.47,-0.38,1.55,-0.30
"NOV 2018","_",-0.15,2.01,0.04,0.25,3.35,0.06,0.09,-0.32,-0.26,0.73,-0.40,0.12,1.59,0.00,0.03,2.23,-0.37,6.18,2.11,0.04,0.29,0.35,0.04,2.50,-0.38,1.41,-0.34
"DIC 2018","_",-0.13,1.96,0.06,0.25,3.21,0.06,-0.03,-0.31,-0.24,0.78,-0.40,0.12,1.42,0.00,0.03,1.97,-0.37,5.99,2.11,0.03,0.31,0.15,0.04,2.21,-0.38,1.21,-0.32
"ENE 2019","_",-0.12,1.97,0.04,0.25,3.48,0.04,-0.04,-0.31,-0.24,0.74,-0.40,0.03,1.38,0.00,0.03,2.16,-0.37,6.32,2.10,0.03,0.34,0.05,0.04,2.45,-0.38,1.20,-0.34
"FEB 2019","_",-0.11,1.97,0.02,0.25,3.46,0.04,-0.08,-0.31,-0.23,0.70,-0.40,0.04,1.31,0.00,0.03,2.05,-0.37,6.26,2.09,0.03,0.32,0.09,0.04,2.39,-0.37,1.12,-0.32
"MAR 2019","_",-0.11,1.96,0.06,0.25,3.42,0.04,-0.14,-0.31,-0.23,0.76,-0.40,0.05,1.13,0.00,0.03,2.12,-0.37,6.16,2.06,0.03,0.29,-0.02,0.04,2.43,-0.38,0.99,-0.32
"ABR 2019","_",-0.11,1.98,0.05,0.25,3.43,0.04,-0.21,-0.31,-0.23,0.75,-0.40,0.05,1.05,0.00,0.03,2.31,-0.37,6.18,2.02,0.03,0.32,0.04,0.04,2.56,-0.38,0.95,-0.33
"MAY 2019","_",-0.13,1.97,0.02,0.25,3.29,0.05,-0.24,-0.31,-0.24,0.79,-0.40,0.08,0.87,0.00,0.03,2.03,-0.37,6.33,1.99,0.03,0.29,0.04,0.04,2.34,-0.38,0.87,-0.34
"JUN 2019","_",-0.19,1.92,0.01,0.25,3.31,0.04,-0.31,-0.33,-0.28,0.82,-0.40,0.06,0.50,0.00,0.03,1.86,-0.38,6.24,1.96,0.03,0.30,-0.10,0.04,2.15,-0.40,0.57,-0.38
"JUL 2019","_",-0.28,1.95,0.03,0.25,3.24,0.04,-0.43,-0.36,-0.35,0.80,-0.40,0.07,0.35,0.00,0.03,2.29,-0.40,6.30,1.91,0.03,0.30,-0.31,0.04,2.47,-0.40,0.36,-0.46
"AGO 2019","_",-0.36,1.90,-0.05,0.25,3.30,0.04,-0.47,-0.41,-0.40,0.78,-0.40,0.06,0.14,0.00,0.03,2.00,-0.41,6.34,1.84,0.03,0.28,-0.41,0.04,2.27,-0.41,0.10,-0.52
"SEP 2019","_",-0.34,1.87,-0.07,0.25,3.18,0.04,-0.44,-0.42,-0.39,0.78,-0.50,0.07,0.18,0.00,0.03,2.03,-0.45,6.17,1.77,0.03,0.26,-0.50,0.04,2.29,-0.45,0.05,-0.48
"OCT 2019",-0.55,-0.30,1.90,-0.04,0.25,3.20,0.04,-0.40,-0.41,-0.36,0.83,-0.50,0.05,0.20,0.00,0.02,2.34,-0.46,6.19,1.74,0.03,0.23,-0.45,0.03,2.54,-0.50,0.13,-0.48
"NOV 2019",-0.54,-0.27,1.88,-0.05,0.25,3.07,0.04,-0.28,-0.40,-0.34,0.73,-0.50,0.06,0.39,0.00,0.02,2.00,-0.45,6.25,1.81,0.03,0.22,-0.36,0.04,2.26,-0.48,0.30,-0.49
"DIC 2019",-0.54,-0.26,1.86,-0.01,0.25,2.92,0.05,-0.29,-0.39,-0.34,0.78,-0.50,0.10,0.44,0.00,0.01,1.71,-0.45,5.87,1.75,0.03,0.21,-0.34,0.03,1.94,-0.49,0.37,-0.48
"ENE 2020",-0.54,-0.25,1.96,-0.08,0.25,3.21,0.03,-0.28,-0.39,-0.33,0.71,-0.50,0.04,0.42,0.00,0.01,2.38,-0.46,6.23,1.74,0.02,0.27,-0.35,0.03,2.56,-0.50,0.32,-0.44
"FEB 2020",-0.54,-0.29,1.86,-0.13,0.25,3.09,0.01,-0.34,-0.41,-0.36,0.69,-0.50,-0.02,0.27,0.00,0.00,2.01,-0.47,6.13,1.72,0.02,0.34,-0.43,0.02,2.29,-0.51,0.13,-0.45
"MAR 2020",-0.53,-0.27,1.79,-0.09,0.25,2.99,0.01,-0.11,-0.42,-0.36,0.64,-0.50,0.01,0.52,0.00,0.00,1.72,-0.48,5.88,1.65,0.02,0.32,-0.17,0.01,1.91,-0.51,0.37,-0.38
"ABR 2020",-0.54,-0.11,1.43,-0.08,0.25,2.72,0.01,0.17,-0.25,-0.19,0.72,-0.50,-0.01,0.82,0.00,-0.00,1.81,-0.43,5.54,1.67,0.02,0.22,-0.00,0.02,1.89,-0.51,0.55,0.01
"MAY 2020",-0.54,-0.08,1.40,-0.13,0.25,2.78,0.01,-0.10,-0.27,-0.14,0.69,-0.50,-0.01,0.74,0.00,-0.00,1.94,-0.46,5.64,1.70,0.02,0.21,-0.09,0.02,2.05,-0.51,0.48,-0.23
"JUN 2020",-0.55,-0.15,1.57,-0.14,0.25,2.85,0.01,-0.23,-0.38,-0.22,0.71,-0.50,0.00,0.51,0.00,-0.00,1.83,-0.49,5.57,1.69,0.02,0.21,-0.24,0.02,2.03,-0.52,0.35,-0.40
"JUL 2020",-0.55,-0.28,1.73,-0.19,0.25,2.97,0.01,-0.32,-0.44,-0.35,0.74,-0.50,-0.01,0.37,0.00,-0.00,2.21,-0.51,5.70,1.68,0.02,0.20,-0.33,0.02,2.39,-0.53,0.22,-0.45
"AGO 2020",-0.55,-0.36,1.71,-0.20,0.25,3.03,0.01,-0.37,-0.48,-0.43,0.71,-0.50,-0.02,0.29,0.00,-0.00,1.98,-0.52,5.88,1.68,0.02,0.17,-0.38,0.02,2.27,-0.53,0.16,-0.45
"SEP 2020",-0.55,-0.41,1.77,-0.20,0.25,2.89,0.00,-0.40,-0.49,-0.46,0.70,-0.50,-0.02,0.27,0.00,-0.00,1.90,-0.52,5.75,1.67,0.02,0.18,-0.42,0.01,2.16,-0.54,0.12,-0.46
"OCT 2020",-0.55,-0.47,1.81,-0.22,0.25,2.92,0.00,-0.47,-0.51,-0.49,0.69,-0.50,-0.03,0.17,0.00,-0.00,2.16,-0.54,5.80,1.65,0.02,0.20,-0.52,0.01,2.36,-0.54,0.00,-0.53
"NOV 2020",-0.56,-0.48,1.80,-0.21,0.25,2.78,0.01,-0.52,-0.52,-0.51,0.71,-0.50,-0.01,0.09,0.00,-0.01,1.89,-0.54,5.91,1.63,0.02,0.19,-0.57,0.02,2.12,-0.55,-0.06,-0.56
"DIC 2020",-0.56,-0.50,1.81,-0.20,0.25,2.65,0.01,-0.53,-0.54,-0.52,0.72,-0.50,0.01,0.04,0.00,-0.01,1.81,-0.56,5.72,1.63,0.01,0.16,-0.60,0.01,2.00,-0.56,-0.09,-0.62
"ENE 2021",-0.56,-0.51,1.88,-0.15,0.25,2.84,0.00,-0.45,-0.55,-0.53,0.68,-0.50,-0.02,0.08,0.00,-0.01,2.17,-0.56,5.87,1.61,0.01,0.20,-0.56,0.01,2.32,-0.57,-0.06,-0.51
"FEB 2021",-0.56,-0.50,1.80,-0.22,0.25,2.74,0.01,-0.41,-0.54,-0.52,0.66,-0.50,-0.02,0.23,0.00,-0.01,1.85,-0.55,5.87,1.59,0.01,0.20,-0.52,0.02,2.09,-0.57,0.06,-0.50
"MAR 2021",-0.56,-0.49,1.77,-0.11,0.25,2.71,0.02,-0.41,-0.54,-0.52,0.61,-0.50,0.01,0.31,0.00,-0.01,1.80,-0.55,5.73,1.58,0.01,0.18,-0.50,0.02,2.04,-0.57,0.15,-0.50
"ABR 2021",-0.57,-0.48,1.83,-0.18,0.25,2.72,0.02,-0.41,-0.54,-0.52,0.62,-0.50,0.01,0.37,0.00,-0.01,2.26,-0.56,5.79,1.60,0.01,0.19,-0.48,0.02,2.38,-0.56,0.20,-0.52
"MAY 2021",-0.56,-0.48,1.75,-0.24,0.25,2.67,0.02,-0.38,-0.54,-0.51,0.57,-0.50,0.02,0.52,0.00,-0.01,1.89,-0.56,5.94,1.61,0.01,0.16,-0.42,0.02,2.12,-0.57,0.38,-0.52
"JUN 2021",-0.56,-0.48,1.75,-0.31,0.25,2.63,0.03,-0.42,-0.54,-0.52,0.59,-0.50,0.04,0.45,0.00,-0.02,1.81,-0.56,5.77,1.61,0.01,0.14,-0.46,0.02,2.01,-0.57,0.30,-0.54
"JUL 2021",-0.57,-0.49,1.77,-0.31,0.25,2.62,0.02,-0.46,-0.55,-0.52,0.55,-0.50,0.03,0.33,0.00,-0.02,2.16,-0.56,5.86,1.61,0.01,0.16,-0.51,0.02,2.29,-0.57,0.16,-0.54
"AGO 2021",-0.57,-0.50,1.70,-0.36,0.25,2.76,0.02,-0.52,-0.55,-0.53,0.58,-0.50,0.00,0.21,0.00,-0.03,1.84,-0.56,5.91,1.60,0.01,0.15,-0.57,0.02,2.11,-0.57,0.06,-0.57
"SEP 2021",-0.57,-0.49,1.71,-0.36,0.25,2.57,0.02,-0.51,-0.55,-0.52,0.57,-0.50,0.01,0.33,0.00,-0.03,1.83,-0.56,5.88,1.59,0.01,0.15,-0.53,0.02,2.03,-0.57,0.20,-0.57
"OCT 2021",-0.57,-0.48,1.74,-0.36,0.25,2.64,0.02,-0.44,-0.55,-0.53,0.57,-0.50,0.02,0.47,0.00,-0.03,2.15,-0.56,5.84,1.61,0.01,0.18,-0.46,0.02,2.28,-0.57,0.35,-0.57
"NOV 2021",-0.57,-0.49,1.70,-0.36,0.25,2.54,0.02,-0.42,-0.57,-0.53,0.57,-0.50,0.02,0.47,0.00,-0.03,1.74,-0.57,5.82,1.61,0.01,0.18,-0.50,0.02,1.96,-0.57,0.31,-0.62
"DIC 2021",-0.58,-0.50,1.72,-0.34,0.25,2.45,0.03,-0.46,-0.58,-0.55,0.60,-0.50,0.06,0.41,0.00,-0.05,1.48,-0.60,5.65,1.61,0.01,0.15,-0.42,0.02,1.67,-0.58,0.28,-0.59
"ENE 2022",-0.58,-0.48,1.75,-0.32,0.25,2.63,0.01,-0.35,-0.56,-0.53,0.56,-0.50,0.01,0.66,0.00,-0.05,1.98,-0.57,5.87,1.62,0.01,0.18,-0.28,0.02,2.14,-0.58,0.53,-0.53
"FEB 2022",-0.58,-0.34,1.69,-0.33,0.25,2.63,0.02,0.11,-0.53,-0.48,0.56,-0.50,0.01,1.11,0.00,-0.05,1.48,-0.55,5.85,1.66,0.01,0.17,0.09,0.02,1.75,-0.57,0.94,-0.45
"MAR 2022",-0.58,-0.24,1.69,-0.31,0.25,2.60,0.02,0.20,-0.50,-0.42,0.52,-0.50,0.01,1.22,0.00,-0.06,1.52,-0.54,5.80,1.76,0.01,0.18,0.16,0.02,1.77,-0.57,1.05,-0.48
"ABR 2022",-0.58,0.01,1.75,-0.31,0.25,2.72,0.02,0.67,-0.45,-0.31,0.57,-0.50,0.01,1.69,0.00,-0.05,1.74,-0.54,5.96,1.89,0.01,0.20,0.70,0.02,1.96,-0.57,1.57,-0.23
"MAY 2022",-0.58,0.29,1.73,-0.29,0.25,2.78,0.02,0.98,-0.39,-0.14,0.64,-0.50,0.02,2.04,0.00,-0.06,1.66,-0.55,6.19,2.06,0.00,0.19,0.96,0.02,1.94,-0.57,1.87,0.08
"JUN 2022",-0.58,0.85,1.79,-0.16,0.25,2.82,0.03,1.58,-0.24,0.16,0.72,-0.50,0.05,2.63,0.00,-0.05,1.84,-0.53,6.14,2.21,0.00,0.23,1.55,0.02,2.08,-0.57,2.44,0.63
"JUL 2022",-0.51,0.99,1.93,0.01,0.75,2.95,0.03,1.15,0.04,0.47,0.89,0.00,0.04,2.31,0.50,-0.00,2.20,-0.31,6.35,2.36,0.01,0.30,1.15,0.02,2.37,-0.46,2.09,0.67
"AGO 2022",-0.08,1.25,2.08,0.14,0.75,3.26,0.03,1.15,0.40,0.84,1.02,0.00,0.04,2.15,0.50,0.01,1.99,0.02,6.50,2.50,0.01,0.39,1.24,0.03,2.28,-0.07,2.06,0.84
"SEP 2022",0.36,2.23,2.50,0.68,1.50,3.38,0.06,2.04,1.01,1.60,1.27,0.75,0.10,2.92,1.25,0.06,2.71,0.57,6.57,2.67,0.02,0.60,2.12,0.04,2.88,0.42,2.81,1.73
"OCT 2022",0.66,2.63,3.00,0.90,1.50,3.79,0.07,2.39,1.43,2.00,1.59,0.75,0.14,3.29,1.25,0.08,3.58,0.92,6.86,2.90,0.03,0.87,2.46,0.05,3.63,0.70,3.18,2.18
"NOV 2022",1.37,2.83,3.35,1.46,2.25,3.93,0.11,2.40,1.83,2.32,1.81,1.50,0.21,3.07,2.00,0.15,3.55,1.42,7.10,3.11,0.04,1.16,2.48,0.08,3.65,1.38,2.94,2.39
"DIC 2022",1.57,3.02,3.69,1.76,2.75,4.12,0.13,2.53,2.06,2.56,1.91,2.00,0.28,3.09,2.50,0.19,3.80,1.72,6.98,3.19,0.07,1.39,2.62,0.09,3.86,1.60,3.00,2.47
"ENE 2023",1.90,3.34,4.02,1.97,2.75,4.49,0.15,2.77,2.35,2.86,2.08,2.00,0.30,3.20,2.50,0.23,4.42,1.98,7.57,3.40,0.09,1.57,2.73,0.10,4.44,1.89,3.04,2.85
"FEB 2023",2.27,3.53,4.30,2.29,3.25,4.72,0.20,2.98,2.64,3.14,2.20,2.50,0.38,3.39,3.00,0.31,4.47,2.37,7.77,3.56,0.11,1.90,2.97,0.14,4.53,2.30,3.22,2.99
"MAR 2023",2.57,3.65,4.60,2.56,3.75,4.74,0.27,3.05,2.91,3.27,2.26,3.00,0.55,3.43,3.50,0.41,4.57,2.71,7.89,3.74,0.14,2.13,3.00,0.18,4.61,2.57,3.23,3.02
"ABR 2023",2.90,3.76,4.75,2.79,3.75,4.92,0.31,3.05,3.18,3.52,2.42,3.00,0.64,3.40,3.50,0.45,5.13,2.96,8.10,3.83,0.17,2.32,2.93,0.21,5.08,2.88,3.19,3.22
"MAY 2023",3.08,3.86,4.96,2.95,4.00,4.92,0.35,3.02,3.37,3.68,2.48,3.25,0.68,3.41,3.75,0.49,5.01,3.15,8.30,3.95,0.21,2.51,2.92,0.24,4.99,3.09,3.21,3.24
"JUN 2023",3.24,4.01,5.18,3.19,4.25,4.93,0.43,3.17,3.54,3.83,2.59,3.50,0.84,3.40,4.00,0.55,5.12,3.34,7.98,4.08,0.23,2.75,3.11,0.30,5.08,3.25,3.16,3.53
"JUL 2023",3.40,4.15,5.38,3.30,4.25,5.02,0.47,3.37,3.67,3.94,2.87,3.50,0.92,3.49,4.00,0.61,5.63,3.47,8.40,4.11,0.27,2.86,3.27,0.34,5.48,3.40,3.27,3.73
"AGO 2023",3.64,4.07,5.48,3.42,4.50,5.18,0.49,3.32,3.78,3.94,3.11,3.75,0.94,3.57,4.25,0.66,5.63,3.63,8.49,4.18,0.31,3.06,3.20,0.35,5.52,3.63,3.34,3.63
"SEP 2023",3.75,4.15,5.58,3.59,4.75,5.12,0.53,3.44,3.88,4.03,3.12,4.00,1.05,3.71,4.50,0.75,5.58,3.76,8.55,4.27,0.33,3.10,3.34,0.37,5.47,3.75,3.50,3.74
"OCT 2023",3.90,4.16,5.67,3.70,4.75,5.15,0.59,3.48,3.97,4.12,3.31,4.00,1.21,3.95,4.50,0.80,5.98,3.86,8.53,4.29,0.35,3.29,3.39,0.40,5.78,3.88,3.72,3.80
"NOV 2023",3.90,4.02,5.70,3.71,4.75,4.99,0.63,3.29,3.97,4.07,3.41,4.00,1.22,3.65,4.50,0.83,5.66,3.84,8.53,4.36,0.36,3.33,3.16,0.45,5.49,3.87,3.42,3.59
"DIC 2023",3.90,3.68,5.52,3.70,4.75,4.94,0.67,2.77,3.94,3.93,3.46,4.00,1.27,3.12,4.50,0.84,5.53,3.86,8.42,4.33,0.37,3.29,2.62,0.47,5.42,3.86,2.86,3.26
"ENE 2024",3.90,3.61,5.44,3.71,4.75,4.85,0.68,2.74,3.93,3.89,3.15,4.00,1.31,3.18,4.50,0.89,5.78,3.87,8.72,4.14,0.39,3.21,2.66,0.48,5.56,3.87,2.90,3.33
"FEB 2024",3.91,3.67,5.52,3.65,4.75,4.77,0.67,2.89,3.92,3.90,3.07,4.00,1.25,3.27,4.50,0.90,5.47,3.87,8.62,4.12,0.38,3.20,2.80,0.49,5.29,3.88,3.03,3.39
"MAR 2024",3.91,3.72,5.48,3.68,4.75,4.62,0.71,2.97,3.92,3.90,2.91,4.00,1.29,3.19,4.50,0.91,5.37,3.85,8.53,4.05,0.39,3.19,2.81,0.52,5.21,3.87,2.95,3.46
"ABR 2024",3.91,3.70,5.36,3.67,4.75,4.68,0.71,3.03,3.89,3.84,2.89,4.00,1.28,3.27,4.50,0.91,5.65,3.85,8.57,4.05,0.39,3.14,2.91,0.53,5.43,3.87,3.07,3.43
"MAY 2024",3.91,3.68,5.42,3.66,4.75,4.63,0.73,3.10,3.81,3.79,2.81,4.00,1.31,3.30,4.50,0.91,5.43,3.82,8.68,4.04,0.39,3.11,3.00,0.55,5.24,3.88,3.12,3.42
"JUN 2024",3.75,3.65,5.34,3.54,4.50,4.55,0.73,3.06,3.73,3.72,2.84,3.75,1.26,3.35,4.25,0.87,5.21,3.64,8.45,4.03,0.38,3.04,3.00,0.56,5.06,3.68,3.17,3.38
"JUL 2024",3.66,3.53,5.20,3.48,4.50,4.50,0.73,2.95,3.69,3.64,2.77,3.75,1.24,3.28,4.25,0.87,5.38,3.62,8.49,4.00,0.38,3.02,2.86,0.57,5.18,3.61,3.11,3.32
"AGO 2024",3.66,3.17,5.16,3.42,4.50,4.66,0.72,2.64,3.55,3.43,2.69,3.75,1.19,3.07,4.25,0.90,5.22,3.60,8.60,3.99,0.38,2.98,2.55,0.57,5.08,3.63,2.91,2.97
"SEP 2024",3.56,2.94,5.03,3.28,3.90,4.40,0.71,2.48,3.43,3.26,2.73,3.50,1.21,2.99,3.65,0.88,4.95,3.44,8.53,3.89,0.37,2.97,2.36,0.54,4.82,3.49,2.83,2.84
"OCT 2024",3.34,2.69,4.82,3.06,3.65,4.35,0.67,2.43,3.17,3.00,2.63,3.25,1.16,2.96,3.40,0.82,5.02,3.21,8.46,3.79,0.36,2.74,2.32,0.52,4.85,3.31,2.87,2.61
"NOV 2024",3.16,2.51,4.74,2.93,3.65,4.17,0.64,2.48,3.01,2.79,2.52,3.25,1.06,3.05,3.40,0.81,4.59,3.07,8.41,3.72,0.35,2.61,2.34,0.50,4.47,3.15,2.93,2.48
"DIC 2024",3.06,2.44,4.56,2.80,3.40,4.03,0.63,2.30,2.83,2.63,2.50,3.00,1.04,2.89,3.15,0.77,4.36,2.89,8.26,3.64,0.35,2.45,2.19,0.49,4.29,3.03,2.81,2.18
"ENE 2025",2.92,2.53,4.35,2.67,3.40,4.07,0.60,2.50,2.70,2.61,2.41,3.00,1.00,3.17,3.15,0.76,4.55,2.79,8.50,3.34,0.34,2.33,2.42,0.48,4.43,2.90,3.09,2.37
"FEB 2025",2.69,2.41,4.30,2.50,3.15,3.97,0.58,2.40,2.53,2.46,2.35,2.75,0.95,3.10,2.90,0.72,4.27,2.61,8.38,3.61,0.32,2.20,2.29,0.47,4.19,2.66,2.99,2.22
"MAR 2025",2.50,2.40,4.08,2.32,2.90,3.88,0.55,2.44,2.44,2.39,2.23,2.50,0.89,3.39,2.65,0.67,3.96,2.40,8.28,3.58,0.31,2.09,2.42,0.44,3.94,2.47,3.31,2.21
"ABR 2025",2.34,2.14,3.92,2.15,2.65,3.87,0.51,2.14,2.25,2.20,2.28,2.25,0.79,3.23,2.40,0.60,4.09,2.24,8.31,3.52,0.29,1.95,2.15,0.42,4.04,2.32,3.10,1.93
"MAY 2025",2.17,2.08,3.80,2.05,2.65,3.81,0.48,2.16,2.09,2.12,2.21,2.25,0.75,3.20,2.40,0.58,3.81,2.09,8.32,3.58,0.29,1.84,2.13,0.39,3.81,2.16,3.07,1.92
"JUN 2025",2.01,2.08,3.72,1.93,2.40,3.77,0.45,2.15,1.98,2.05,2.19,2.00,0.72,3.16,2.15,0.53,3.55,1.93,8.17,3.58,0.27,1.77,2.13,0.36,3.60,1.99,3.08,1.91
"JUL 2025",1.92,2.08,3.62,1.88,2.40,3.71,0.44,2.18,1.99,2.06,2.19,2.00,0.67,3.24,2.15,0.51,3.90,1.89,8.18,3.57,0.25,1.72,2.15,0.36,3.85,1.91,3.17,1.89
"AGO 2025",1.92,2.11,3.63,1.88,2.40,3.86,0.44,2.22,2.02,2.08,2.16,2.00,0.69,3.26,2.15,0.51,3.74,1.89,8.25,3.62,0.25,1.71,2.19,0.36,3.77,1.90,3.21,1.95
"SEP 2025",1.92,2.17,3.64,1.90,2.40,3.75,0.45,2.23,2.03,2.10,2.14,2.00,0.70,3.26,2.15,0.52,3.66,1.90,8.18,3.61,0.25,1.74,2.22,0.37,3.68,1.90,3.23,1.96
"OCT 2025",1.93,2.19,3.66,1.89,2.40,3.75,0.46,2.18,2.03,2.11,2.16,2.00,0.69,3.15,2.15,0.53,3.91,1.91,8.10,3.59,0.25,1.77,2.19,0.38,3.86,1.92,3.12,1.98
"NOV 2025",1.93,2.22,3.70,1.91,2.40,3.65,0.45,2.22,2.04,2.13,2.21,2.00,0.71,3.17,2.15,0.52,3.77,1.91,8.07,3.58,0.25,1.75,2.25,0.36,3.74,1.91,3.14,1.98
"DIC 2025",1.93,2.27,3.67,1.93,2.40,3.63,0.46,2.37,2.05,2.14,2.27,2.00,0.73,3.27,2.15,0.52,3.66,1.92,7.91,3.59,0.25,1.77,2.37,0.37,3.65,1.92,3.24,2.01
"ENE 2026",1.93,2.25,3.66,1.90,2.40,3.78,0.45,2.32,2.03,2.14,2.30,2.00,0.72,3.27,2.15,0.52,3.97,1.96,8.37,3.65,0.25,1.78,2.33,0.37,3.93,1.90,3.22,2.02
"FEB 2026",1.93,2.22,3.70,1.90,2.40,3.80,0.46,2.29,2.01,2.14,2.24,2.00,0.70,3.17,2.15,0.52,3.72,1.95,8.27,3.66,0.25,1.79,2.29,0.38,3.74,1.89,3.13,2.02
"MAR 2026",1.93,2.57,3.73,1.95,2.40,3.79,0.47,2.65,2.11,2.32,2.27,2.00,0.74,3.38,2.15,0.54,3.62,1.93,8.16,3.64,0.26,1.83,2.70,0.39,3.66,1.90,3.39,2.28
"ABR 2026",1.93,2.75,3.79,1.99,2.40,3.89,0.48,2.74,2.18,2.45,2.40,2.00,0.75,3.45,2.15,0.54,4.09,1.97,8.34,3.72,0.26,1.87,2.80,0.39,4.03,1.91,3.46,2.49
"MAY 2026",1.93,2.80,3.89,2.03,2.40,3.89,0.49,2.76,2.23,2.54,2.37,2.00,0.76,3.49,2.15,0.53,3.91,1.96,8.43,3.76,0.27,1.92,2.84,0.40,3.90,1.89,3.49,2.55
"JUN 2026",2.04,2.80,3.96,2.19,2.65,3.91,0.51,2.71,2.34,2.60,2.55,2.25,0.80,3.41,2.40,0.59,3.93,2.15,8.22,3.77,0.28,2.03,2.79,0.41,3.92,1.99,3.40,2.56
"JUL 2026",2.18,2.86,3.95,2.24,2.65,3.96,0.54,2.84,2.43,2.65,2.57,2.25,0.85,3.53,2.40,0.60,4.29,2.21,8.32,3.81,0.28,2.10,2.91,0.43,4.22,2.15,3.56,2.62
"AGO 2026",2.19,2.95,"_","_",2.65,"_","_",2.94,2.51,2.71,"_",2.25,"_",3.63,2.40,"_","_",2.22,"_","_","_","_",3.00,"_","_",2.15,3.66,2.68
